-- phpMyAdmin SQL Dump
-- version 5.2.3
-- https://www.phpmyadmin.net/
--
-- Servidor: mysql:3306
-- Tiempo de generación: 17-11-2025 a las 08:07:12
-- Versión del servidor: 8.0.43
-- Versión de PHP: 8.3.26

SET SQL_MODE = "NO_AUTO_VALUE_ON_ZERO";
START TRANSACTION;
SET time_zone = "+00:00";


/*!40101 SET @OLD_CHARACTER_SET_CLIENT=@@CHARACTER_SET_CLIENT */;
/*!40101 SET @OLD_CHARACTER_SET_RESULTS=@@CHARACTER_SET_RESULTS */;
/*!40101 SET @OLD_COLLATION_CONNECTION=@@COLLATION_CONNECTION */;
/*!40101 SET NAMES utf8mb4 */;

--
-- Base de datos: `webci`
--

-- --------------------------------------------------------

--
-- Estructura de tabla para la tabla `admin_user`
--

CREATE TABLE `admin_user` (
  `id` int NOT NULL,
  `username` varchar(64) NOT NULL,
  `auth_key` varchar(32) NOT NULL,
  `password_hash` varchar(255) NOT NULL,
  `email` varchar(160) NOT NULL,
  `status` smallint NOT NULL DEFAULT '10',
  `created_at` int NOT NULL,
  `updated_at` int NOT NULL,
  `last_login_at` int DEFAULT NULL
) ENGINE=InnoDB DEFAULT CHARSET=utf8mb4 COLLATE=utf8mb4_0900_ai_ci;

--
-- Volcado de datos para la tabla `admin_user`
--

INSERT INTO `admin_user` (`id`, `username`, `auth_key`, `password_hash`, `email`, `status`, `created_at`, `updated_at`, `last_login_at`) VALUES
(1, 'ronald', '7e5369dcd58e5d0b807bebed076745f5', '$2y$10$efft/0vEbwelRcvABUWXs.9VFRSewr5SMqGdq455KF4GfjwNBdnwC', 'ronald@camarainversionistas.com', 10, 1763214685, 1763214685, 1763214901);

-- --------------------------------------------------------

--
-- Estructura de tabla para la tabla `benefit`
--

CREATE TABLE `benefit` (
  `id` int NOT NULL,
  `category_id` int NOT NULL,
  `title` varchar(255) NOT NULL,
  `description` text,
  `logo` varchar(120) DEFAULT NULL,
  `sort_order` int NOT NULL DEFAULT '0',
  `is_active` tinyint(1) NOT NULL DEFAULT '1',
  `created_at` int NOT NULL,
  `updated_at` int NOT NULL
) ENGINE=InnoDB DEFAULT CHARSET=utf8mb4 COLLATE=utf8mb4_0900_ai_ci;

--
-- Volcado de datos para la tabla `benefit`
--

INSERT INTO `benefit` (`id`, `category_id`, `title`, `description`, `logo`, `sort_order`, `is_active`, `created_at`, `updated_at`) VALUES
(1, 1, 'Asesoría para su mejor financiamiento en diversas entidades debidamente inscritas ante SUGEF.', NULL, 'finanzas', 10, 1, 1763214321, 1763214321),
(2, 1, 'Servicios de presentación de IVA y renta. Contabilidad.', NULL, 'impuestos', 20, 1, 1763214321, 1763214321),
(3, 1, 'Asesoría Tributaria.', NULL, 'impuestos', 30, 1, 1763214321, 1763214321),
(4, 1, 'Acceso a nuestro programa de microcréditos*.', NULL, 'microcreditos', 40, 1, 1763214321, 1763214321),
(5, 1, 'Asesoría para su mejor financiamiento en diversas entidades debidamente inscritas ante SUGEF.', NULL, 'finanzas', 10, 1, 1763216135, 1763216135),
(6, 1, 'Servicios de presentación de IVA y renta. Contabilidad. Asesoría Tributaria.', NULL, 'impuestos', 20, 1, 1763216135, 1763216135),
(7, 1, 'Acceso a nuestro programa de microcréditos*.', NULL, 'microcreditos', 30, 1, 1763216135, 1763216135),
(8, 3, 'Servicio de facturación electrónica.', NULL, 'impuestos', 10, 1, 1763216135, 1763216135),
(9, 3, 'Asesoría completa para la obtención del sello PYME del MEIC (Exención IVA en alquileres y otros beneficios).', NULL, 'crecimiento', 20, 1, 1763216135, 1763216135),
(10, 3, 'Creación de sitios web.', NULL, 'crecimiento', 30, 1, 1763216135, 1763216135),
(11, 3, 'Asesoría en Registro de Marca.', NULL, 'crecimiento', 40, 1, 1763216135, 1763216135),
(12, 3, 'Acceso preferencial a nuestro programa de oficina virtual.', NULL, 'crecimiento', 50, 1, 1763216135, 1763216135),
(13, 3, 'Acceso preferencial a nuestro servicio de call center.', NULL, 'crecimiento', 60, 1, 1763216135, 1763216135),
(14, 4, 'Acceso a la Cobertura de Gastos Fúnebres.', NULL, 'finanzas', 10, 1, 1763216135, 1763216135),
(15, 4, 'Acceso a nuestra red privada de salud empresarial.', NULL, 'microcreditos', 20, 1, 1763216135, 1763216135),
(16, 5, 'Acceso preferencial en nuestra revista digital.', NULL, 'impuestos', 10, 1, 1763216135, 1763216135),
(17, 5, 'Promoción de su negocio en el encadenamiento y redes de la Cámara.', NULL, 'crecimiento', 20, 1, 1763216135, 1763216135),
(18, 6, 'Participación en talleres, ruedas de negocios, capacitaciones, cursos, charlas y ferias estratégicas.', NULL, 'crecimiento', 10, 1, 1763216135, 1763216135),
(19, 6, 'Participar en reconocimientos anuales.', NULL, 'crecimiento', 20, 1, 1763216135, 1763216135),
(20, 7, 'Uso 2 horas al mes (con cita) de oficinas, sala de capacitación (20 personas) y sala de juntas (8 personas).', NULL, 'finanzas', 10, 1, 1763216135, 1763216135),
(21, 7, '1 hora diaria de parqueo gratuito en el estacionamiento del Templo Parroquial San Ramón (no aplica domingos).', NULL, 'impuestos', 20, 1, 1763216135, 1763216135),
(22, 8, 'Acceso a carnet con descuentos en comercios, clínicas, veterinarias y más.', NULL, 'finanzas', 10, 1, 1763216135, 1763216135),
(23, 8, 'Servicio de rent a car sin depósito de garantía con autos propios y cuenta corporativa.', NULL, 'impuestos', 20, 1, 1763216135, 1763216135),
(24, 9, 'Acceso a nuestro programa de pasantías para contar con pasantes.', NULL, 'crecimiento', 10, 1, 1763216135, 1763216135),
(25, 9, 'Acceso a nuestra bolsa de empleo.', NULL, 'crecimiento', 20, 1, 1763216135, 1763216135);

-- --------------------------------------------------------

--
-- Estructura de tabla para la tabla `benefit_category`
--

CREATE TABLE `benefit_category` (
  `id` int NOT NULL,
  `name` varchar(180) NOT NULL,
  `description` text,
  `logo` varchar(120) DEFAULT NULL,
  `sort_order` int NOT NULL DEFAULT '0',
  `is_active` tinyint(1) NOT NULL DEFAULT '1',
  `created_at` int NOT NULL,
  `updated_at` int NOT NULL
) ENGINE=InnoDB DEFAULT CHARSET=utf8mb4 COLLATE=utf8mb4_0900_ai_ci;

--
-- Volcado de datos para la tabla `benefit_category`
--

INSERT INTO `benefit_category` (`id`, `name`, `description`, `logo`, `sort_order`, `is_active`, `created_at`, `updated_at`) VALUES
(1, 'Servicios Financieros y Tributarios', 'Primer categoría de beneficios según lineamientos de noviembre 2024.', 'finanzas', 10, 1, 1763214321, 1763214321),
(2, 'Servicios Financieros y Tributarios', 'Programas y asesorías financieras y tributarias.', 'finanzas', 10, 1, 1763216135, 1763216135),
(3, 'Servicios Empresariales y Administrativos', 'Procesos administrativos, marca y soporte empresarial.', 'crecimiento', 20, 1, 1763216135, 1763216135),
(4, 'Beneficios de Salud y Bienestar', 'Coberturas y red privada de salud.', 'microcreditos', 30, 1, 1763216135, 1763216135),
(5, 'Servicios de Promoción y Publicidad', 'Difusión en medios propios de la Cámara.', 'impuestos', 40, 1, 1763216135, 1763216135),
(6, 'Capacitación y Desarrollo', 'Talleres, ruedas de negocios y reconocimientos.', 'crecimiento', 50, 1, 1763216135, 1763216135),
(7, 'Infraestructura y Espacios', 'Uso de oficinas, salas y parqueo.', 'finanzas', 60, 1, 1763216135, 1763216135),
(8, 'Descuentos y Convenios Especiales', 'Carnet y rent a car corporativo.', 'impuestos', 70, 1, 1763216135, 1763216135),
(9, 'Programas de Apoyo y Desarrollo Laboral', 'Pasantías y bolsa de empleo.', 'crecimiento', 80, 1, 1763216135, 1763216135);

-- --------------------------------------------------------

--
-- Estructura de tabla para la tabla `business`
--

CREATE TABLE `business` (
  `id` int NOT NULL,
  `name` varchar(255) NOT NULL,
  `slug` varchar(255) NOT NULL,
  `summary` varchar(500) DEFAULT NULL,
  `description` text,
  `email` varchar(160) DEFAULT NULL,
  `social_links` text,
  `whatsapp` varchar(32) DEFAULT NULL,
  `phone` varchar(32) DEFAULT NULL,
  `address` varchar(255) DEFAULT NULL,
  `latitude` decimal(10,7) DEFAULT NULL,
  `longitude` decimal(10,7) DEFAULT NULL,
  `website` varchar(255) DEFAULT NULL,
  `facebook` varchar(255) DEFAULT NULL,
  `instagram` varchar(255) DEFAULT NULL,
  `linkedin` varchar(255) DEFAULT NULL,
  `tiktok` varchar(255) DEFAULT NULL,
  `youtube` varchar(255) DEFAULT NULL,
  `logo_path` varchar(255) DEFAULT NULL,
  `cover_path` varchar(255) DEFAULT NULL,
  `is_active` tinyint(1) NOT NULL DEFAULT '1',
  `show_on_home` tinyint(1) NOT NULL DEFAULT '0',
  `available_in_search` tinyint(1) NOT NULL DEFAULT '1',
  `email_template_id` int DEFAULT NULL,
  `email_template_slug` varchar(160) DEFAULT NULL,
  `created_at` int NOT NULL,
  `updated_at` int NOT NULL
) ENGINE=InnoDB DEFAULT CHARSET=utf8mb4 COLLATE=utf8mb4_0900_ai_ci;

--
-- Volcado de datos para la tabla `business`
--

INSERT INTO `business` (`id`, `name`, `slug`, `summary`, `description`, `email`, `social_links`, `whatsapp`, `phone`, `address`, `latitude`, `longitude`, `website`, `facebook`, `instagram`, `linkedin`, `tiktok`, `youtube`, `logo_path`, `cover_path`, `is_active`, `show_on_home`, `available_in_search`, `email_template_id`, `email_template_slug`, `created_at`, `updated_at`) VALUES
(223, 'GRUPO PORTAFOLIO 21 S.A.', 'grupo-portafolio-21-s-a-396', 'SERVICIOS', 'TERRAQUINTAS | Desarrollo de proyectos inmobiliarios', NULL, '[]', NULL, NULL, 'GUADALUPE, GUADALUPE, GUADALUPE, SAN JOSE', NULL, NULL, NULL, NULL, NULL, NULL, NULL, NULL, NULL, NULL, 1, 0, 1, NULL, NULL, 1763221263, 1763221263),
(224, 'CLINICA ASIEL', 'clinica-asiel-397', 'SERVICIOS', 'CONVENIO MEDICO EMPRESARIAL | CLINICA MEDICA', 'jquiros91@gmail.com', '[]', '87414135', '87414135', '150 NORTE DE LA ENTRADA A LA PASTORAL, SAN JUAN, SAN RAMON, ALAJUELA', NULL, NULL, NULL, NULL, NULL, NULL, NULL, NULL, NULL, NULL, 1, 0, 1, NULL, NULL, 1763221263, 1763221263),
(225, 'CLINICA URGENCIAS DE OCCIDENTE', 'clinica-urgencias-de-occidente-398', 'SERVICIOS', 'CONVENIO CLINICA MEDICA DE OCCIDENTE | CLINICA MEDICA', 'yiyicruz22@gmail.com', '[]', '88137713', '88137713', 'PALMARES ALAJUELA CENTRO, PALMARES, PALMARES, ALAJUELA', NULL, NULL, NULL, NULL, NULL, NULL, NULL, NULL, NULL, NULL, 1, 0, 1, NULL, NULL, 1763221263, 1763221263),
(226, 'AHORA NOTICIAS', 'ahora-noticias-399', 'SERVICIOS', 'CONVENIO AHORA NOTICIAS | PERIODICO DIGITAL', 'haroldbrenes@gmail.com', '[]', '83149881', '83144981', 'SAN RAMON, SAN RAMON, SAN RAMON, ALAJUELA', NULL, NULL, NULL, NULL, NULL, NULL, NULL, NULL, NULL, NULL, 1, 0, 1, NULL, NULL, 1763221263, 1763221263),
(227, 'GSI', 'gsi-400', 'SERVICIOS', 'CONVENIO SEGUROS | CORREDORA DE SEGUROS', NULL, '[]', '83575608', NULL, 'SAN JOSE, SAN JOSE, SAN JOSE, SAN JOSE', NULL, NULL, NULL, NULL, NULL, NULL, NULL, NULL, NULL, NULL, 1, 0, 1, NULL, NULL, 1763221263, 1763221263),
(228, 'TRANSCOMER', 'transcomer-401', 'SERVICIOS', 'TIENE BONIFICADO ENE A JUN SE FACTURA EN JULIO | SERVICIOS BURSÁTILES', 'no aplica para los primeros 6 meses', '[]', '22536085', '22536085', 'SAN JOSE, SAN JOSE, SAN JOSE, SAN JOSE', NULL, NULL, 'WWW.TRANSCOMER.COM', 'https://www.facebook.com/PuestoTranscomer', 'https://www.instagram.com/transcomerpuestodebolsa/', NULL, NULL, NULL, NULL, NULL, 1, 0, 1, NULL, NULL, 1763221263, 1763221263),
(229, 'CLÍNICAS SIN FRONTERAS', 'cl-nicas-sin-fronteras-402', NULL, NULL, NULL, '[]', NULL, NULL, NULL, NULL, NULL, NULL, NULL, NULL, NULL, NULL, NULL, NULL, NULL, 1, 0, 1, NULL, NULL, 1763221263, 1763221263),
(230, 'UISIL', 'uisil-403', 'SERVICIOS', 'CORTESIA CONVENIO UNIVERSITARIO | UNIVERSIDAD', NULL, '[]', '60018479', NULL, 'PEREZ ZELEDON, SAN JOSE', NULL, NULL, NULL, NULL, NULL, NULL, NULL, NULL, NULL, NULL, 1, 0, 1, NULL, NULL, 1763221263, 1763221263),
(231, 'CANAPI', 'canapi-404', 'ONG', 'CORTESIA CONVENIO CON SUS ASOCIADOS | FOMENTO DE LA APICULTURA', 'direccion@camaradeapiculturacr.com', '[]', '85776967', NULL, 'SAN JOSE, SAN JOSE, SAN JOSE, SAN JOSE', NULL, NULL, NULL, NULL, NULL, NULL, NULL, NULL, NULL, NULL, 1, 0, 1, NULL, NULL, 1763221263, 1763221263),
(232, 'HOTEL VILLASOL', 'hotel-villasol-405', 'SERVICIOS', 'CORTESÍA CONVENIO TURÍSTICO | HOTEL DE PLAYA', 'encargadamercadeo@villassol.com', '[]', '40000600', '40000600', 'GUANACASTE, GUANACASTE, GUANACASTE, GUANACASTE', NULL, NULL, NULL, NULL, NULL, NULL, NULL, NULL, NULL, NULL, 1, 0, 1, NULL, NULL, 1763221263, 1763221263),
(233, 'MIEL ROJAS', 'miel-rojas-406', 'AGROINDUSTRIA', 'EN ESPERA DE FORMALIZACIÓN | PRODUCCIÓN DE MIEL', NULL, '[]', '71400142', NULL, 'PITAL, PITAL, SAN CARLOS, ALAJUELA', NULL, NULL, NULL, NULL, NULL, NULL, NULL, NULL, NULL, NULL, 1, 0, 1, NULL, NULL, 1763221263, 1763221263),
(234, 'MONTAÑA DE SUEÑOS BERAKA', 'monta-a-de-sue-os-beraka-407', 'AGROINDUSTRIA', 'EN ESPERA DE CONVENIO CON APICULTORES | PRODUCCIÓN DE MIEL', 'mdsmaderas@gmail.com', '[]', '87207800', NULL, 'TURRIALBA, TURRIALBA, TURRIALBA, CARTAGO', NULL, NULL, NULL, NULL, NULL, NULL, NULL, NULL, NULL, NULL, 1, 0, 1, NULL, NULL, 1763221263, 1763221263),
(235, 'ALQUILERES M Y E', 'alquileres-m-y-e-408', 'SERVICIOS', 'CONVENIO ALQUILER DE SILLAS Y MESAS | ALQUILER DE MOBILIARIO PARA FIESTAS Y EVENTOS CORPORATIVOS', 'melizondoa@gmail.com', '[]', '83257626', NULL, 'SAN RAMON, SAN RAMON, SAN RAMON, ALAJUELA', NULL, NULL, NULL, NULL, NULL, NULL, NULL, NULL, NULL, NULL, 1, 0, 1, NULL, NULL, 1763221263, 1763221263),
(236, 'CONDOMINIO HACIENDA DORADA', 'condominio-hacienda-dorada-409', 'SERVICIOS', 'CONVENIO BIENES RAÍCES | BIENES RAICES', 'arayaro83@gmail.com', '[]', '87360397', NULL, 'SAN RAMON, SAN RAMON, SAN RAMON, ALAJUELA', NULL, NULL, NULL, NULL, NULL, NULL, NULL, NULL, NULL, NULL, 1, 0, 1, NULL, NULL, 1763221263, 1763221263),
(237, 'CONSORCIO FERRETERO Y LOGÍSTICO DE SA', 'consorcio-ferretero-y-log-stico-de-sa-410', 'COMERCIO', 'CONVENIO D101 EN CERO | VENTA DE PRODUCTOS FERRETEROS', NULL, '[]', NULL, NULL, NULL, NULL, NULL, NULL, NULL, NULL, NULL, NULL, NULL, NULL, NULL, 1, 0, 1, NULL, NULL, 1763221263, 1763221263),
(238, 'MEGA SHOCK', 'mega-shock-411', 'SERVICIOS', 'CONSTRUCTORA', NULL, '[]', NULL, NULL, NULL, NULL, NULL, NULL, NULL, NULL, NULL, NULL, NULL, NULL, NULL, 1, 0, 1, NULL, NULL, 1763221263, 1763221263),
(239, 'GOMUJI', 'gomuji-412', 'SERVICIOS', 'ASESORÍAS MÉDICAS', NULL, '[]', NULL, NULL, NULL, NULL, NULL, NULL, NULL, NULL, NULL, NULL, NULL, NULL, NULL, 1, 0, 1, NULL, NULL, 1763221263, 1763221263),
(240, 'MONTAÑA MORENA', 'monta-a-morena-413', 'AGROINDUSTRIA', 'EMPRESA CAFICULTORA', NULL, '[]', NULL, NULL, NULL, NULL, NULL, NULL, NULL, NULL, NULL, NULL, NULL, NULL, NULL, 1, 0, 1, NULL, NULL, 1763221263, 1763221263),
(241, 'PASEO COLONIAL', 'paseo-colonial-414', 'AGROINDUSTRIA', 'EMPRESA CAFICULTORA', NULL, '[]', NULL, NULL, NULL, NULL, NULL, NULL, NULL, NULL, NULL, NULL, NULL, NULL, NULL, 1, 0, 1, NULL, NULL, 1763221263, 1763221263),
(242, 'MONTAÑA INCA', 'monta-a-inca-415', 'AGROINDUSTRIA', 'EMPRESA CAFICULTORA', NULL, '[]', NULL, NULL, NULL, NULL, NULL, NULL, NULL, NULL, NULL, NULL, NULL, NULL, NULL, 1, 0, 1, NULL, NULL, 1763221263, 1763221263),
(243, 'Impacto TV', 'impacto-tv-416', 'SERVICIOS', 'CONVENIO DIRECTOR EJECUTIVO REGIONAL CARIARI | VIDEO PRODUCCIÓN Y PUBLICIDAD REDES SOCIALES | FACTURACION ELECTRONICA Y CONTABILIDAD REGIMEN GENERAL', 'simasai21@gmail.com', '[]', '62236058', NULL, 'CARIARI, CARIARI, POCOCI, LIMON', NULL, NULL, NULL, NULL, NULL, NULL, NULL, NULL, NULL, NULL, 1, 0, 1, NULL, NULL, 1763221263, 1763221263),
(244, '506.CR AGENCIA DIGITAL', '506-cr-agencia-digital-417', 'SERVICIOS', 'CONVENIO MEDIO DE PRENSA | VIDEOS PARA REDES SOCIALES Y DISEÑO WEB', 'info@506.cr', '[]', '86789346', NULL, 'GRECIA, GRECIA, GRECIA, ALAJUELA', NULL, NULL, NULL, NULL, NULL, NULL, NULL, NULL, NULL, NULL, 1, 0, 1, NULL, NULL, 1763221263, 1763221263),
(245, 'PASTELERIA JESSENIA', 'pasteleria-jessenia-418', 'COMERCIO', 'CONVENIO CLUB DE LEONES | PASTELERÍA Y REPOSTERÍA', 'yeseniachavarria1972@gmail.com', '[]', '86758291', NULL, 'SAN JUAN, SAN JUAN, SAN RAMON, ALAJUELA', NULL, NULL, NULL, NULL, NULL, NULL, NULL, NULL, NULL, NULL, 1, 0, 1, NULL, NULL, 1763221263, 1763221263),
(246, 'TALLER CARLOS BOLAÑOS', 'taller-carlos-bola-os-419', 'SERVICIOS', 'EN ESPERA DE ASESORIA TRIBUTARIA | TALLER AUTOMOTRIZ', 'carbozacr2020@yahoo.com', '[]', '85592969', NULL, 'COSTADO NO INA COCAL, PUNTARENAS, PUNTARENAS, PUNTARENAS', NULL, NULL, NULL, NULL, NULL, NULL, NULL, NULL, NULL, NULL, 1, 0, 1, NULL, NULL, 1763221263, 1763221263),
(247, 'RINCONCITO CALIENTE', 'rinconcito-caliente-420', 'SERVICIOS', 'CORTESÍA CLIENTE FC | CABINAS | FACTURACIÓN ELECTRÓNICA Y CONTABILIDAD REGIMEN GENERAL', NULL, '[]', '83830928', NULL, 'SAN RAMON, SAN RAMON, SAN RAMON, ALAJUELA', NULL, NULL, NULL, NULL, NULL, NULL, NULL, NULL, NULL, NULL, 1, 0, 1, NULL, NULL, 1763221263, 1763221263),
(248, 'ITALFOREST', 'italforest-421', 'SERVICIOS', 'CORTESÍA CLIENTE FC | BIENES RAICES | FACTURACIÓN ELECTRÓNICA Y CONTABILIDAD REGIMEN GENERAL', NULL, '[]', NULL, NULL, 'SAN RAMON, SAN RAMON, SAN RAMON, ALAJUELA', NULL, NULL, NULL, NULL, NULL, NULL, NULL, NULL, NULL, NULL, 1, 0, 1, NULL, NULL, 1763221263, 1763221263),
(249, 'GANADERÍA CORRALES', 'ganader-a-corrales-422', 'COMERCIO', 'CORTESÍA CLIENTE FC | GANADERÍA | FACTURACIÓN ELECTRÓNICA Y CONTABILIDAD REGIMEN GENERAL', NULL, '[]', '83833628', NULL, 'SAN RAMON, SAN RAMON, SAN RAMON, ALAJUELA', NULL, NULL, NULL, NULL, NULL, NULL, NULL, NULL, NULL, NULL, 1, 0, 1, NULL, NULL, 1763221263, 1763221263),
(250, 'CENTRO INFANTIL SAN FERNANDO', 'centro-infantil-san-fernando-423', 'SERVICIOS', 'CORTESÍA CLIENTE FC | CENTRO INFANTIL | FACTURACIÓN ELECTRÓNICA Y CONTABILIDAD REGIMEN GENERAL', NULL, '[]', NULL, NULL, 'ALAJUELA, ALAJUELA, ALAJUELA, ALAJUELA', NULL, NULL, NULL, NULL, NULL, NULL, NULL, NULL, NULL, NULL, 1, 0, 1, NULL, NULL, 1763221263, 1763221263),
(251, 'FERNANDA LOBO', 'fernanda-lobo-424', 'SERVICIOS', 'en espera de formalización | BIENES RAICES', 'fernandalobo.rah@gmail.com', '[]', '84324333', NULL, 'SAN RAMON, SAN RAMON, SAN RAMON, ALAJUELA', NULL, NULL, NULL, NULL, NULL, NULL, NULL, NULL, NULL, NULL, 1, 0, 1, NULL, NULL, 1763221263, 1763221263),
(252, 'KEYS OF COSTA RICA', 'keys-of-costa-rica-425', 'SERVICIOS', 'BRANDIG POR SER DE EEUU | SERVICIOS TURÍSTICOS', NULL, '[]', '61334700', NULL, NULL, NULL, NULL, NULL, 'https://www.facebook.com/keysofcostarica', 'https://www.instagram.com/keysofcr/', NULL, NULL, NULL, NULL, NULL, 1, 0, 1, NULL, NULL, 1763221263, 1763221263),
(253, 'TODOS UNIDOS AYUDANDO AL MEDIO AMBIENTE', 'todos-unidos-ayudando-al-medio-ambiente-426', 'SERVICIO', 'CONVENIO CAPACITACIÓN MANEJO DESHECHOS | EMPRESA DE RECICLAJE', 'vivianartavia@gmail.com', '[]', '88386806', NULL, 'SAN RAMON, SAN RAMON, SAN RAMON, ALAJUELA', NULL, NULL, NULL, NULL, NULL, NULL, NULL, NULL, NULL, NULL, 1, 0, 1, NULL, NULL, 1763221263, 1763221263),
(254, 'REFRITEC', 'refritec-427', 'SERVICIOS', 'CORTESIA | TÉCNICO EN REFRIGERACIÓN | FACTURACION ELECTROINCA', 'victorrefrigeracion15@gmail.com', '[]', '89465017', NULL, 'PALMARES, PALMARES, PALMARES, ALAJUELA', NULL, NULL, NULL, NULL, NULL, NULL, NULL, NULL, NULL, NULL, 1, 0, 1, NULL, NULL, 1763221263, 1763221263),
(255, 'KANEL', 'kanel-428', 'COMERCIO', 'HONORARIA POR TENER 16 AÑOS | VENTA DE ROPA EN LÍNEA', 'sandrahernandesr@gmail.com', '[]', '64678972', NULL, '300 NORTE CAHNCHAS SINTÉTICAS, SAN JUAN, SAN RAMON, ALAJUELA', NULL, NULL, NULL, NULL, NULL, NULL, NULL, NULL, NULL, NULL, 1, 0, 1, NULL, NULL, 1763221263, 1763221263),
(256, 'LICITACIONES INTELIGENTES', 'licitaciones-inteligentes-429', 'SERVICIOS', 'CONVENIO CHARLAS LICITACIONES | ASESORÍA EN LICITACIONES PÚBLICAS', NULL, '[]', '89180133', NULL, 'SKYHOMES EDIFICIO QBO, ROHOMOSER, ROHMOSER, SAN JOSE', NULL, NULL, NULL, NULL, NULL, NULL, NULL, NULL, NULL, NULL, 1, 0, 1, NULL, NULL, 1763221263, 1763221263),
(257, 'SERVIAUTOS', 'serviautos-430', 'COMERCIO', 'CORTESIA CONVENIO LEASICAR | ORGANIZACIÓN FERIAS DE AUTOS', 'serviautoscr@gmail.com', '[]', '60468017', NULL, 'SAN VICENTE, SAN VICENTE, MORAVIA, SAN JOSE', NULL, NULL, NULL, NULL, NULL, NULL, NULL, NULL, NULL, NULL, 1, 0, 1, NULL, NULL, 1763221263, 1763221263),
(258, 'ARENAL MANOA', 'arenal-manoa-431', 'SERVICIO', 'CORTESIA PLAN VACACIONAL EMPRESARIAL | HOTEL EN FORTUNA', 'alexander@arenalmanoa.com', '[]', '64617494', NULL, 'FORTUNA, FORTUNA, SAN CARLOS, ALAJUELA', NULL, NULL, NULL, NULL, NULL, NULL, NULL, NULL, NULL, NULL, 1, 0, 1, NULL, NULL, 1763221263, 1763221263),
(259, 'NUTRICIONISTA ELIZABETH DELGADO', 'nutricionista-elizabeth-delgado-432', 'SERVICIO', 'EN ESPERA DE REACTIVAR HACIENDA Y POR ENDE FE | NUTRICIONISTA', 'elydelgado90@hotmail.com', '[]', '87311361', NULL, 'SAN RAFAEL, SAN RAFAEL, SAN RAMON, ALAJUELA', NULL, NULL, NULL, NULL, NULL, NULL, NULL, NULL, NULL, NULL, 1, 0, 1, NULL, NULL, 1763221263, 1763221263),
(260, 'ANAHÍ ALMIRÓN', 'anah-almir-n-433', 'SERVICIOS', 'ASESORÍA EN MARKETING', 'info@avmarketingcr.com', '[]', '71043511', NULL, 'ESCAZU, ESCAZU, ESCAZU, SAN JOSE', NULL, NULL, NULL, NULL, NULL, NULL, NULL, NULL, NULL, NULL, 1, 0, 1, NULL, NULL, 1763221263, 1763221263),
(261, 'VALLE DE PAZ', 'valle-de-paz-434', 'SERVICIOS', 'CORTESIA CONVENIO GASTOS FÚNEBRES | CAMPOSANTO Y SERVICIOS FUNERARIOS', 'infosanramon@valledepazcr.com', '[]', '24450104', '24450104', 'SAN RAMON, SAN RAMON, SAN RAMON, ALAJUELA', NULL, NULL, NULL, NULL, NULL, NULL, NULL, NULL, NULL, NULL, 1, 0, 1, NULL, NULL, 1763221263, 1763221263),
(262, 'UTN', 'utn-435', 'SERVICIOS', 'CONVENIO PASANTÍAS | EDUCACIÓN UNIVERSITARIA', NULL, '[]', NULL, NULL, NULL, NULL, NULL, NULL, NULL, NULL, NULL, NULL, NULL, NULL, NULL, 1, 0, 1, NULL, NULL, 1763221263, 1763221263),
(263, 'FLOREX', 'florex-436', 'INDUSTRIA', 'CONVENIO PREMIO CI | ELABORACIÓN DE PRODUCTOS DE LIMPIEZA AMIGABLES CON LA NATURALEZA', NULL, '[]', NULL, NULL, NULL, NULL, NULL, NULL, NULL, NULL, NULL, NULL, NULL, NULL, NULL, 1, 0, 1, NULL, NULL, 1763221263, 1763221263),
(264, 'SCOSA', 'scosa-437', 'SERVICIOS', 'OUTSOURCING DE PERSONAL', NULL, '[]', NULL, NULL, NULL, NULL, NULL, NULL, NULL, NULL, NULL, NULL, NULL, NULL, NULL, 1, 0, 1, NULL, NULL, 1763221263, 1763221263),
(265, 'LECANTO', 'lecanto-438', 'COMERCIO', 'CONVENIO PREMIO CI | TIENDA ECOLÓGICA EN LA QUE USTED ENCONTRARÁ PRODUCTOS AMIGABLES CON EL AMBIENTE DE BUENAS PRÁCTICAS AGRÍCOLAS', NULL, '[]', NULL, NULL, NULL, NULL, NULL, NULL, NULL, NULL, NULL, NULL, NULL, NULL, NULL, 1, 0, 1, NULL, NULL, 1763221263, 1763221263),
(266, 'SOLUCIONES INTEGRALES CAMPUS EMPRESARIAL', 'soluciones-integrales-campus-empresarial-439', 'SERVICIOS', 'CORTESÍA CONVENIO CLÍNICAS SIN FRONTERAS | CAPACITACIONES EMPRESARIALES', 'gerencia.sicampusempresarial@gmail.com', '[]', '88617777', NULL, 'GRECIA, GRECIA, GRECIA, ALAJUELA', NULL, NULL, NULL, NULL, NULL, NULL, NULL, NULL, NULL, NULL, 1, 0, 1, NULL, NULL, 1763221263, 1763221263),
(267, 'BARNEHL KOCK E HIJOS', 'barnehl-kock-e-hijos-440', 'SERVICIOS', 'INVERSIONES VARIAS', NULL, '[]', NULL, NULL, NULL, NULL, NULL, NULL, NULL, NULL, NULL, NULL, NULL, NULL, NULL, 1, 0, 1, NULL, NULL, 1763221263, 1763221263),
(268, 'IMPRESIONES MAX', 'impresiones-max-441', 'SERVICIOS', 'IMPRESIONES Y ROTULACION', 'maxbarboza@hotmail.com', '[]', '89228922', NULL, NULL, NULL, NULL, NULL, NULL, NULL, NULL, NULL, NULL, NULL, NULL, 1, 0, 1, NULL, NULL, 1763221263, 1763221263),
(269, 'FOLLOW YOUR DREAMS ACADEMY', 'follow-your-dreams-academy-442', 'SERVICIOS', 'CONVENIO ACADEMIA DE INGLES | ENSEÑANZA DEL INGLÉS', NULL, '[]', NULL, NULL, 'SAN RAMON, SAN RAMON, SAN RAMON, ALAJUELA', NULL, NULL, NULL, NULL, NULL, NULL, NULL, NULL, NULL, NULL, 1, 0, 1, NULL, NULL, 1763221263, 1763221263),
(270, 'DOBLE O NADA', 'doble-o-nada-443', 'SERVICIOS', 'CONVENIO | GRUPO MUSICAL CLÁSICOS ROQUEROS', NULL, '[]', NULL, NULL, 'SAN RAMON, SAN RAMON, SAN RAMON, ALAJUELA', NULL, NULL, NULL, NULL, NULL, NULL, NULL, NULL, NULL, NULL, 1, 0, 1, NULL, NULL, 1763221263, 1763221263),
(271, 'HD DIGITAL', 'hd-digital-444', 'SERVICIOS', 'VA EN CONJUNTO CON H Y D SOLUCIONES S.A | MARKETING DIGITAL', NULL, '[]', NULL, NULL, NULL, NULL, NULL, NULL, NULL, NULL, NULL, NULL, NULL, NULL, NULL, 1, 0, 1, NULL, NULL, 1763221263, 1763221263),
(272, 'DUO', 'duo-445', 'ASOCIACIÓN SIN FINES DE LUCRO', 'ENFOQUE EN LA PREVENCIÓN DEL SUICIDIO', NULL, '[]', NULL, NULL, NULL, NULL, NULL, NULL, NULL, NULL, NULL, NULL, NULL, NULL, NULL, 1, 0, 1, NULL, NULL, 1763221263, 1763221263),
(273, 'FINCA PORTONES', 'finca-portones-446', 'SERVICIOS', 'ASESOR INMOBILIARIO', 'carlosvec@gmail.com', '[]', '60760838', NULL, NULL, NULL, NULL, NULL, NULL, NULL, NULL, NULL, NULL, NULL, NULL, 1, 0, 1, NULL, NULL, 1763221263, 1763221263),
(274, 'CANAPYMES', 'canapymes-447', 'ASOCIACIÓN SIN FINES DE LUCRO', 'CÁMARA DE PYMES', NULL, '[]', NULL, NULL, NULL, NULL, NULL, NULL, NULL, NULL, NULL, NULL, NULL, NULL, NULL, 1, 0, 1, NULL, NULL, 1763221263, 1763221263),
(275, 'FUNDACIÓN LISI', 'fundaci-n-lisi-448', 'ASOCIACIÓN SIN FINES DE LUCRO', 'FUNDACIÓN SIN FINES DE LUCRO DE GUADALAJARA MÉXICO | ESCUELAS PARA JÓVENES ES SITUACIÓN DE VULNERABILIDAD', NULL, '[]', NULL, NULL, 'GUADALAJARA, MEXICO', NULL, NULL, NULL, NULL, NULL, NULL, NULL, NULL, NULL, NULL, 1, 0, 1, NULL, NULL, 1763221263, 1763221263),
(276, 'ENTERPRISE RENT A CAR', 'enterprise-rent-a-car-449', NULL, NULL, NULL, '[]', NULL, NULL, NULL, NULL, NULL, NULL, NULL, NULL, NULL, NULL, NULL, NULL, NULL, 1, 0, 1, NULL, NULL, 1763221263, 1763221263),
(277, 'OCEANICA DE SEGUROS', 'oceanica-de-seguros-450', NULL, NULL, NULL, '[]', NULL, NULL, NULL, NULL, NULL, NULL, NULL, NULL, NULL, NULL, NULL, NULL, NULL, 1, 0, 1, NULL, NULL, 1763221263, 1763221263),
(278, 'BMI', 'bmi-451', NULL, NULL, NULL, '[]', NULL, NULL, NULL, NULL, NULL, NULL, NULL, NULL, NULL, NULL, NULL, NULL, NULL, 1, 0, 1, NULL, NULL, 1763221263, 1763221263),
(279, 'DIEGO GONZALEZ', 'diego-gonzalez-452', 'SERVICIOS', 'VA BONIFICADO POR HD DIGITAL | ASESOR PUBLICITARIO | OFICINA VIRTUAL', NULL, '[]', NULL, NULL, 'FACTO BUSINESS CENTER, SAN RAMON, SAN RAMON, ALAJUELA', NULL, NULL, NULL, NULL, NULL, NULL, NULL, NULL, NULL, NULL, 1, 0, 1, NULL, NULL, 1763221263, 1763221263),
(280, 'LUIS DIEGO RODRIGUEZ', 'luis-diego-rodriguez-453', 'SERVICIOS', 'MENSUAL | CONTABILIDAD PÚBLICA Y PRIVADA | ES NUESTRO PARTNER EN TEMAS DE CONTABILIDAD PUBLICA Y PRIVADA', 'luisdiegorcr@gmail.com', '[]', '84158750', '24479222', '100 NORTE CAPILLA MANO DERECHA VERJAS VERDES, SAN ISIDRO, SAN RAMON, ALAJUELA', NULL, NULL, NULL, NULL, NULL, NULL, NULL, NULL, NULL, NULL, 1, 0, 1, NULL, NULL, 1763221263, 1763221263),
(281, 'FOLLOW YOUR DREAMS ACADEMY', 'follow-your-dreams-academy-454', 'SERVICIOS', 'MENSUAL | ENSEÑANZA DEL INGLÉS | OFICINA VIRTUAL', NULL, '[]', NULL, NULL, '200 SUR ENTRADA CALLE GUARIA, SAN ISIDRO, SAN RAMON, ALAJUELA', NULL, NULL, NULL, NULL, NULL, NULL, NULL, NULL, NULL, NULL, 1, 0, 1, NULL, NULL, 1763221263, 1763221263),
(282, 'TEMPORALIDADES IGLESIA CATÓLICA DIOSESIS DE ALAJUELA', 'temporalidades-iglesia-cat-lica-diosesis-de-alajuela-455', NULL, 'NOS DAN CONVENIO DE PARQUEO', NULL, '[]', NULL, NULL, NULL, NULL, NULL, NULL, NULL, NULL, NULL, NULL, NULL, NULL, NULL, 1, 0, 1, NULL, NULL, 1763221263, 1763221263),
(283, 'TRAMO HERMANOS MURILLO', 'tramo-hermanos-murillo-456', 'COMERCIO', 'ES NUESTRO REPRESENTANTE EN LA ZONA DE SAN CARLOS | TRAMO VENTA DE FRUTAS Y VERDURAS', 'miguelmurillo1966@gmail.com', '[]', '88692612', NULL, 'MERCADO MUNICIPAL, CIUDAD QUESADA, SAN CARLOS, ALAJUELA', NULL, NULL, NULL, NULL, NULL, NULL, NULL, NULL, NULL, NULL, 1, 0, 1, NULL, NULL, 1763221263, 1763221263),
(284, 'SECOPRO', 'secopro-457', 'SERVICIOS', 'MENSUAL | CONSULTOR EMPRESARIAL | FACTURACIÓN ELECTRONICA Y CONTABILIDAD REGIMEN TRADICIONAL', 'jjimenez@factoconsulting.com', '[]', '83273025', '40700485', 'FACTO BUSINESS CENTER, ALFARO, SAN RAMON, ALAJUELA', NULL, NULL, 'https://cr.linkedin.com/in/jose-edgardo-jimenez-blanco-a7b50b185', NULL, NULL, NULL, NULL, NULL, NULL, NULL, 1, 0, 1, NULL, NULL, 1763221263, 1763221263),
(285, 'FACTO CONSULTING', 'facto-consulting-458', 'SERVICIOS', 'MENSUAL | FACTURA ELECTRONICA', NULL, '[]', NULL, NULL, 'FACTO BUSINESS CENTER, ALFARO, SAN RAMON, ALAJUELA', NULL, NULL, NULL, NULL, NULL, NULL, NULL, NULL, NULL, NULL, 1, 0, 1, NULL, NULL, 1763221263, 1763221263),
(286, 'RONALD ROJAS', 'ronald-rojas-459', 'SERVICIOS', 'MENSUAL | INFORMÁTICA', NULL, '[]', NULL, NULL, 'FACTO BUSINESS CENTER, ALFARO, SAN RAMON, ALAJUELA', NULL, NULL, NULL, NULL, NULL, NULL, NULL, NULL, NULL, NULL, 1, 0, 1, NULL, NULL, 1763221263, 1763221263),
(287, 'ROJAS Y SOLORZANO', 'rojas-y-solorzano-460', 'SERVICIOS', 'MENSUAL | CONSULTORÍA EMPRESARIAL', 'info@factoconsulting.com', '[]', '86130001', '40700485', 'FACTO BUSINESS CENTER, ALFARO, SAN RAMON, ALAJUELA', NULL, NULL, 'https://www.rojasysolorzano.com/', NULL, NULL, NULL, NULL, NULL, NULL, NULL, 1, 0, 1, NULL, NULL, 1763221263, 1763221263),
(288, 'LA GRAN BODEGA', 'la-gran-bodega-461', 'COMERCIO', 'CHARLAS | VENTA FRUTAS Y VERDURAS POR MAYOR Y DETALLE', 'gquesada@lagranbodegacr.com', '[]', '88627024', '24456063', 'SAN RAMON, SAN RAMON, SAN RAMON, ALAJUELA', NULL, NULL, NULL, NULL, NULL, NULL, NULL, NULL, NULL, NULL, 1, 0, 1, NULL, NULL, 1763221263, 1763221263),
(289, 'USAMART', 'usamart-462', 'COMERCIO', 'REGISTROS DE MARCA | IMPORTADORA', NULL, '[]', NULL, NULL, 'RECTA, SAN MIGUEL NARANJO, NARANJO, ALAJUELA', NULL, NULL, NULL, NULL, NULL, NULL, NULL, NULL, NULL, NULL, 1, 0, 1, NULL, NULL, 1763221263, 1763221263),
(290, 'ESENCIAS DE GRECIA SOCIEDAD ANONIMA', 'esencias-de-grecia-sociedad-anonima-463', NULL, 'MENSUAL', 'recepcionfacturafraiche@gmail.com', '[]', '88146893', NULL, 'SAN RAMON, SAN RAMON, ALAJUELA', NULL, NULL, NULL, NULL, NULL, NULL, NULL, NULL, NULL, NULL, 1, 0, 1, NULL, NULL, 1763221263, 1763221263),
(291, 'MARIA JOSÉ SOLORZANO VASQUEZ', 'maria-jos-solorzano-vasquez-464', 'SERVICIOS', 'MENSUAL | CONTADURÍA PRIVADA', 'mariajosesolorzano93@gmail.com', '[]', '85797203', NULL, 'FACTO BUSINESS CENTER, SAN RAMON, SAN RAMON, ALAJUELA', NULL, NULL, NULL, NULL, NULL, NULL, NULL, NULL, NULL, NULL, 1, 0, 1, NULL, NULL, 1763221263, 1763221263),
(292, 'JOSE GERARDO ESPINOZA HERRERA', 'jose-gerardo-espinoza-herrera-465', 'SERVICIOS', 'MENSUAL | EMPRENDEDOR', 'gespinoza@factobusinesscenter.com', '[]', '86723059', NULL, 'FACTO BUSINESS CENTER, SAN RAMON, SAN RAMON, ALAJUELA', NULL, NULL, NULL, NULL, NULL, NULL, NULL, NULL, NULL, NULL, 1, 0, 1, NULL, NULL, 1763221263, 1763221263),
(293, 'Aliado 0', 'aliado-0', NULL, NULL, NULL, '[]', NULL, NULL, NULL, NULL, NULL, NULL, NULL, NULL, NULL, NULL, NULL, NULL, NULL, 1, 0, 1, NULL, NULL, 1763221263, 1763221263),
(294, 'Aliado 0', 'aliado-0-1', NULL, NULL, NULL, '[]', NULL, NULL, NULL, NULL, NULL, NULL, NULL, NULL, NULL, NULL, NULL, NULL, NULL, 1, 0, 1, NULL, NULL, 1763221263, 1763221263),
(295, 'FARMACIA SAN RAMON', 'farmacia-san-ramon-1', 'COMERCIO', 'MENSUAL | FARMACIA', 'fciasanramon@hotmail.com', '[]', '88825288', '24455339', 'DIAGONAL HOSPITAL, SAN RAMON, SAN RAMON, ALAJUELA', NULL, NULL, NULL, NULL, NULL, NULL, NULL, NULL, NULL, NULL, 1, 0, 1, NULL, NULL, 1763221263, 1763221263),
(296, 'ABOGADA YESENIA ROJAS', 'abogada-yesenia-rojas-2', 'SERVICIOS', 'MENSUAL | ABOGACÍA | FACTURA ELECTRONICA Y ALQUILER DE OFICINAS', 'abogadayeseniarojas@gmail.com', '[]', '86260881', '40700485', 'EL PORVENIR, SAN RAMON, SAN RAMON, ALAJUELA', NULL, NULL, 'https://cr.linkedin.com/in/yesenia-rojas-8a4852b5', NULL, NULL, NULL, NULL, NULL, NULL, NULL, 1, 0, 1, NULL, NULL, 1763221263, 1763221263),
(297, 'FUNERARIA DE OCCIDENTE', 'funeraria-de-occidente-3', 'SERVICIOS', 'MENSUAL | SERVICIOS FÚNEBRES | FACTURACIÓN ELECTRÓNICA Y CONTABILIDAD RÉGIMEN GENERAL | 15% descuento en planes completos', 'alejandrachaves-1094m@hotmail.es', '[]', '64271351', '24476693', 'SAN RAMON, SAN RAMON, SAN RAMON, ALAJUELA', NULL, NULL, 'https://funerariasoccidente.com/', 'https://www.facebook.com/Funeraria-Occidente-SA-104496207870600/', NULL, NULL, NULL, NULL, NULL, NULL, 1, 0, 1, NULL, NULL, 1763221263, 1763221263),
(298, 'FUNERARIA SHALOM', 'funeraria-shalom-4', 'SERVICIOS', 'MENSUAL | SERVICIOS FÚNEBRES | FACTURACIÓN ELECTRÓNICA', 'funeraria.shalom.sanramon@hotmail.es', '[]', '86332634', '24477017', '50 S SEMAFOROS DEL HOSPITAL, SAN RAMON, SAN RAMON, ALAJUELA', NULL, NULL, NULL, 'https://www.facebook.com/Funeraria-Shalom-San-Ram%C3%B3n-344444546360210/', NULL, NULL, NULL, NULL, NULL, NULL, 1, 0, 1, NULL, NULL, 1763221263, 1763221263),
(299, 'MINISUPER EL CAMPESINO', 'minisuper-el-campesino-5', 'COMERCIO', 'MENSUAL | MINISUPER | PYME Y EXONET', 'pulperiaelcampesinosj@hotmail.com', '[]', '61989570', NULL, 'SAN MIGUEL, SAN MIGUEL, NARANJO, ALAJUELA', NULL, NULL, NULL, NULL, NULL, NULL, NULL, NULL, NULL, NULL, 1, 0, 1, NULL, NULL, 1763221263, 1763221263),
(300, 'ARQUITECTO CARLOS ANDRES ESQUIVEL GONZALEZ', 'arquitecto-carlos-andres-esquivel-gonzalez-6', NULL, 'SEMESTRAL MARZO Y SET', NULL, '[]', NULL, NULL, 'Sesteo #1, SAN RAMON, SAN RAMON, ALAJUELA', NULL, NULL, NULL, NULL, NULL, NULL, NULL, NULL, NULL, NULL, 1, 0, 1, NULL, NULL, 1763221263, 1763221263),
(301, 'MULTICÓMPUTO 2000', 'multic-mputo-2000-7', 'COMERCIO', 'MENSUAL | VENTA EQUIPO DE CÓMPUTO | FACTURACIÓN ELECTRÓNICA Y CONTABILIDAD RÉGIMEN SIMPLIFICADO', 'multicomputo2000@hotmail.com', '[]', '83386213', '24456031', '100 O CLUB DE AMIGOS, SAN RAMON, SAN RAMON, ALAJUELA', NULL, NULL, NULL, NULL, NULL, NULL, NULL, NULL, NULL, NULL, 1, 0, 1, NULL, NULL, 1763221263, 1763221263),
(302, 'VR CONSULTORÍAS', 'vr-consultor-as-8', 'SERVICIOS', 'MENSUAL | SERVICIOS FINANCIEROS | FACTURACIÓN ELECTRÓNICA', 'juanfvillalobosr@gmail.com', '[]', '88241617', NULL, 'BELLO HORIZONTE, ESCAZU, ESCAZU, SAN JOSE', NULL, NULL, NULL, 'https://www.facebook.com/VRconsultorias/', NULL, NULL, NULL, NULL, NULL, NULL, 1, 0, 1, NULL, NULL, 1763221263, 1763221263),
(303, 'PSICOLOGA KAREN JARA', 'psicologa-karen-jara-9', 'SERVICIOS', 'MENSUAL | ASESORÍA EMPRENDIMIENTOS', NULL, '[]', NULL, NULL, 'SAN RAMON, SAN RAMON, SAN RAMON, ALAJUELA', NULL, NULL, NULL, NULL, NULL, NULL, NULL, NULL, NULL, NULL, 1, 0, 1, NULL, NULL, 1763221263, 1763221263),
(304, 'OLGA BLANCO', 'olga-blanco-10', 'COMERCIO', 'MENSUAL | DISTRIBUIDORA INDEPENDIENTE OMNILIFE | FACTURACIÓN ELECTRONICA Y CONTABILIDAD EN REGIMEN GENERAL', 'olmarblan@gmail.com', '[]', '83566735', '24456864', 'SAN RAMON, SAN RAMON, SAN RAMON, ALAJUELA', NULL, NULL, NULL, NULL, NULL, NULL, NULL, NULL, NULL, NULL, 1, 0, 1, NULL, NULL, 1763221263, 1763221263),
(305, 'SERVICIOS RAMÍREZ', 'servicios-ram-rez-11', 'SERVICIOS', 'MENSUAL | SERVICIOS TÉCNICOS DE EQUIPO AGRÍCOLA Y JARDINERÍA', 'jonramirezsalazar3088@gmail.com', '[]', '62971666', NULL, '75 SUR TEMPLO PARROQUIAL, SAN RAMON, SAN RAMON, ALAJUELA', NULL, NULL, NULL, NULL, NULL, NULL, NULL, NULL, NULL, NULL, 1, 0, 1, NULL, NULL, 1763221263, 1763221263),
(306, 'MA LORENA MADRIGAL', 'ma-lorena-madrigal-12', 'SERVICIOS', 'MENSUAL | ASESORIA EMPRESARIAL', 'mlmadrigal@itcr.ac.cr', '[]', '72257952', NULL, '50 E KALUAS, SAN RAFAEL, SAN RAMON, ALAJUELA', NULL, NULL, NULL, NULL, NULL, NULL, NULL, NULL, NULL, NULL, 1, 0, 1, NULL, NULL, 1763221263, 1763221263),
(307, 'CRISTIAN ARIAS', 'cristian-arias-13', 'SERVICIOS', 'MENSUAL | INFORMÁTICA', NULL, '[]', NULL, NULL, 'GUACIMA, GUACIMA, GUACIMA, ALAJUELA', NULL, NULL, NULL, NULL, NULL, NULL, NULL, NULL, NULL, NULL, 1, 0, 1, NULL, NULL, 1763221263, 1763221263),
(308, 'BEATRIZ ARAYA', 'beatriz-araya-14', 'SERVICIOS', 'MENSUAL | ALQUILERES COMERCIALES | FACTURACIÓN ELECTRÓNICA Y CONTABILIDAD REGIMEN GENERAL', 'PENDIENE', '[]', '83304981', NULL, 'GUACIMA, GUACIMA, GUACIMA, ALAJUELA', NULL, NULL, NULL, NULL, NULL, NULL, NULL, NULL, NULL, NULL, 1, 0, 1, NULL, NULL, 1763221263, 1763221263),
(309, 'CATERING DE CLARITA', 'catering-de-clarita-15', 'SERVICIOS', '36000 por semestre enero y julio | CATERING SERVICE', 'clara.mami@gmail.com', '[]', '89819394', NULL, 'PIEDADES NORTE, SAN RAMON, SAN RAMON, ALAJUELA', NULL, NULL, NULL, NULL, NULL, NULL, NULL, NULL, NULL, NULL, 1, 0, 1, NULL, NULL, 1763221263, 1763221263),
(310, 'LA MERIENDA POSITIVA', 'la-merienda-positiva-16', 'COMERCIO', 'MENSUAL | NUTRICIONISTA / GALLETAS NUTRITIVAS', 'lismaryarrocha@hotmail.com', '[]', '86147449', NULL, 'SAN RAMON, SAN RAMON, SAN RAMON, ALAJUELA', NULL, NULL, NULL, NULL, NULL, NULL, NULL, NULL, NULL, NULL, 1, 0, 1, NULL, NULL, 1763221263, 1763221263),
(311, 'KENNETH CARVAJAL PRODUCCIONES', 'kenneth-carvajal-producciones-17', 'SERVICIOS', 'MENSUAL | VIDEOPRODUCCIÓN | SISTEMA DE FACTURACION Y CONTABILIDAD RÉGIMEN TRADICIONAL', 'kennethcarvajal@hotmail.com', '[]', '86378637', NULL, 'PEREZ ZELEDON, PEREZ ZELEDON, PEREZ ZELEDON, SAN JOSE', NULL, NULL, NULL, NULL, NULL, NULL, NULL, NULL, NULL, NULL, 1, 0, 1, NULL, NULL, 1763221263, 1763221263),
(312, 'APICULTOR RANDOL', 'apicultor-randol-18', 'AGROINDUSTRIA', 'MENSUAL | APICULTURA | SISTEMA Y CONTABILIDAD REGIMEN SIMPLIFICADO', 'randolfacturas@gmail.com', '[]', '57044859', NULL, 'HOJANCHA, HOJANCHA, HOJANCHA, GUANACASTE', NULL, NULL, NULL, NULL, NULL, NULL, NULL, NULL, NULL, NULL, 1, 0, 1, NULL, NULL, 1763221263, 1763221263),
(313, 'RED DESIGNS CR', 'red-designs-cr-19', 'COMERCIO', 'MENSUAL | MUEBLES EN METAL', NULL, '[]', NULL, NULL, 'SAN RAMON, SAN RAMON, SAN RAMON, ALAJUELA', NULL, NULL, NULL, NULL, NULL, NULL, NULL, NULL, NULL, NULL, 1, 0, 1, NULL, NULL, 1763221263, 1763221263),
(314, 'ABOGADA MARIANELA DELGADO', 'abogada-marianela-delgado-20', 'SERVICIOS', 'MENSUAL | ABOGADA | SISTEMA DE FACTURACION Y CONTABILIDAD', 'mdelgadofacturas@gmail.com', '[]', '89186585', NULL, 'NARANJO, NARANJO, NARANJO, NARANJO', NULL, NULL, NULL, NULL, NULL, NULL, NULL, NULL, NULL, NULL, 1, 0, 1, NULL, NULL, 1763221263, 1763221263),
(315, 'AVOCASH', 'avocash-21', 'SERVICIOS', '30 000 SEMESTRAL ABRIL Y OCT | FINANCIERA', 'servicio@avocash.tech', '[]', '84391666', NULL, 'SABANILLA, SABANILLA, MONTES DE OCA, SAN JOSE', NULL, NULL, NULL, NULL, NULL, NULL, NULL, NULL, NULL, NULL, 1, 0, 1, NULL, NULL, 1763221263, 1763221263),
(316, 'ARTURO PEREIRA CALDERON', 'arturo-pereira-calderon-22', NULL, 'SEMESTRAL', NULL, '[]', NULL, NULL, NULL, NULL, NULL, NULL, NULL, NULL, NULL, NULL, NULL, NULL, NULL, 1, 0, 1, NULL, NULL, 1763221263, 1763221263),
(317, 'ARQUITECTO FÉLIX ESQUIVEL MURILLO', 'arquitecto-f-lix-esquivel-murillo-23', 'SERVICIOS', 'SEMESTRAL ENE Y JUL | CONSULTORÍA EN ARQUITECTURA Y CONSTRUCCIÓN | CONTABILIDAD REGIMEN GENERAL', 'faemarquitecto@yahoo.com', '[]', '88427134', NULL, 'SAN RAMON, SAN RAMON, SAN RAMON, ALAJUELA', NULL, NULL, 'http://www.findglocal.com/CR/San-Ram%C3%B3n/503625563039363/Arquitecto-Felix-Esquivel-Murillo', 'https://www.facebook.com/arquitectofeli/', NULL, NULL, NULL, NULL, NULL, NULL, 1, 0, 1, NULL, NULL, 1763221263, 1763221263),
(318, 'STRAGOS BAR Y REST', 'stragos-bar-y-rest-24', 'COMERCIO', 'MENSUAL | BAR Y REST | SISTEMA', NULL, '[]', NULL, NULL, 'CALLE OROZCO, SAN RAMON, SAN RAMON, ALAJUELA', NULL, NULL, NULL, NULL, NULL, NULL, NULL, NULL, NULL, NULL, 1, 0, 1, NULL, NULL, 1763221263, 1763221263),
(319, 'PEDY HOME', 'pedy-home-25', 'SERVICIOS', 'SEMESTRAL ABRIL y OCT | PEDIATRÍA | FACTURACIÓN ELECTRÓNICA', 'pedyhome@gmail.com', '[]', '88135421', NULL, 'QUESADA, QUESADA, SAN CARLOS, ALAJUELA', NULL, NULL, NULL, NULL, NULL, NULL, NULL, NULL, NULL, NULL, 1, 0, 1, NULL, NULL, 1763221263, 1763221263),
(320, 'Aliado 0', 'aliado-0-2', NULL, NULL, NULL, '[]', NULL, NULL, NULL, NULL, NULL, NULL, NULL, NULL, NULL, NULL, NULL, NULL, NULL, 1, 0, 1, NULL, NULL, 1763221263, 1763221263),
(321, 'Aliado 0', 'aliado-0-3', NULL, NULL, NULL, '[]', NULL, NULL, NULL, NULL, NULL, NULL, NULL, NULL, NULL, NULL, NULL, NULL, NULL, 1, 0, 1, NULL, NULL, 1763221263, 1763221263),
(322, 'DIMAS CARAVACA', 'dimas-caravaca-26', 'SERVICIOS', 'MENSUAL | VENTA DE SEGUROS DE VIDA | FACTURACIÓN ELECTRONICA', 'consultorpatrimonial@dimascaravaca.com', '[]', '70120715', NULL, 'DESAMPARADOS, DESAMPARADOS, SAN JOSE', NULL, NULL, NULL, NULL, NULL, NULL, NULL, NULL, NULL, NULL, 1, 0, 1, NULL, NULL, 1763221263, 1763221263),
(323, 'GASAFIT', 'gasafit-27', 'SERVICIOS', 'MENSUAL | GIMNASIO | FACTURACIÓN ELECTRÓNICA Y CONTABILIDAD REGIMEN GENERAL', 'danielgaro10@gmail.com', '[]', '70395769', NULL, '200 E de Bugys Patriarca y 50 N contiguo taller mecánico, SAN RAMON, SAN RAMON, ALAJUELA', NULL, NULL, NULL, NULL, NULL, NULL, NULL, NULL, NULL, NULL, 1, 0, 1, NULL, NULL, 1763221263, 1763221263),
(324, 'SUPER POLLO', 'SUPER-POLLO-28', 'COMERCIO', 'MENSUAL | SODA | FACTURACIÓN ELECTRÓNICA Y CONTABILIDAD REGIMEN GENERAL', 'JALFREDO70VC@GMAIL.COM', '[]', '84910686', '24476392', 'POLLO FTE IMP MONGE, SAN RAMON, SAN RAMON, ALAJUELA', NULL, NULL, NULL, 'https://www.facebook.com/pages/category/Fast-Food-Restaurant/SUPER-POLLO-461088497322117/', NULL, NULL, NULL, NULL, NULL, NULL, 1, 1, 1, NULL, NULL, 1763221263, 1763227145),
(325, 'BUFETE BLANCO FONSECA', 'bufete-blanco-fonseca-29', NULL, 'MENSUAL', NULL, '[]', NULL, NULL, 'ALTOS ANTIGUA FARMACIA LOBO, SAN RAMON, SAN RAMON, ALAJUELA', NULL, NULL, NULL, NULL, NULL, NULL, NULL, NULL, NULL, NULL, 1, 0, 1, NULL, NULL, 1763221263, 1763221263),
(326, 'ENERPLUS', 'enerplus-30', 'COMERCIO', 'MENSUAL | VENTA DE MATERIALES ELÉCTRICOS | CONTABILIDAD', 'enerpluscr@gmail.com', '[]', '88299001', '24455529', 'FRENTE BUGYS PATRIARCA, SAN RAMON, SAN RAMON, ALAJUELA', NULL, NULL, 'http://www.findglocal.com/CR/San-Ram%C3%B3n/412777562870516/Enerplus-Materiales-El%C3%A9ctricos', 'https://www.facebook.com/Enerplus-Materiales-El%C3%A9ctricos-412777562870516/', '@enerpluscr', NULL, NULL, NULL, NULL, NULL, 1, 0, 1, NULL, NULL, 1763221263, 1763221263),
(327, 'CHRISTOPHER ZUMBADO FOTOGRAFIA', 'CHRISTOPHER-ZUMBADO-FOTOGRAFIA-31', 'SERVICIOS', 'MENSUAL | FOTOGRAFÍA | FACTURACIÓN ELECTRÓNICA Y CONTABILIDAD RÉGIMEN GENERAL', 'KRISZUCHA@GMAIL.COM', '[]', '88166484', NULL, 'SAN RAMON, SAN RAMON, SAN RAMON, ALAJUELA', NULL, NULL, 'http://www.findglocal.com/CR/San-Ram%C3%B3n/1140143522799478/Christopher-Zumbado-Fotograf%C3%ADa', 'https://www.facebook.com/Christopher-Zumbado-Fotograf%C3%ADa-1140143522799478/', NULL, NULL, NULL, NULL, NULL, NULL, 1, 1, 1, NULL, NULL, 1763221263, 1763223558),
(328, 'VIAJES GALAXY', 'viajes-galaxy-32', 'SERVICIOS', 'MENSUAL | AGENCIA DE VIAJES | FACTURACIÓN ELECTRÓNICA Y CONTABILIDAD RÉGIMEN GENERAL', 'rcastro@galaxysr.com', '[]', '86199139', '24453345', '50 O DEL BANCO NACIONAL, SAN RAMON, SAN RAMON, ALAJUELA', NULL, NULL, 'https://www.visitcostarica.com/es/costa-rica/planning-your-trip/local-agency/galaxy', 'https://www.facebook.com/Agencia-de-viajes-Galaxy-de-San-Ramon-178341732224081/', NULL, NULL, NULL, NULL, NULL, NULL, 1, 0, 1, NULL, NULL, 1763221263, 1763221263),
(329, 'TOYO DE OCCIDENTE', 'TOYO-DE-OCCIDENTE-33', 'COMERCIO Y SERVICIOS', 'MENSUAL | VENTA DE AUTOS Y MOTOS', 'INFO@TOYODEOCCIDENTE.COM', '[{\"label\":\"HTTPS://WWW.FACEBOOK.COM/TOYODEOCCIDENTE/\",\"url\":\"HTTPS://WWW.FACEBOOK.COM/TOYODEOCCIDENTE/\"}]', '24537700', NULL, 'PALMARES, PALMARES, PALMARES, ALAJUELA', NULL, NULL, NULL, NULL, NULL, NULL, NULL, NULL, '/uploads/business/TOYO-DE-OCCIDENTE-33-1763232729.png', NULL, 1, 0, 1, NULL, NULL, 1763221263, 1763232914),
(330, 'facturacion@toyodeoccidente.com', 'facturacion-toyodeoccidente-com-0', 'CENTRO DE BELLEZA IRIS', '203710515', 'SERVICIOS', '[]', 'feb2021', 'SAN RAMON', '10000, 10000, IRIS BARRANTES CONEJO, 34', NULL, NULL, NULL, 'ALAJUELA', 'SAN RAMON', NULL, NULL, NULL, NULL, NULL, 1, 0, 1, NULL, NULL, 1763221263, 1763221263),
(331, 'ivanap1402@gmail.com', 'ivanap1402-gmail-com-0', 'SODA', '900940141', 'COMERCIO', '[]', 'may2025', 'SAN RAMON', '10000, 10000, MARIA ISABEL ARAYA MOLINA, 96', NULL, NULL, NULL, 'ALAJUELA', 'SAN RAMON', NULL, NULL, NULL, NULL, NULL, 1, 0, 1, NULL, NULL, 1763221263, 1763221263),
(332, '10000', '10000-0', 'LICORERA', 'SFE Y CONTA SIMPLIFICADO', 'epereirafacturas@gmail.com', '[]', '63676645', '63676645', 'jun2025, CARIARI, CARIARI, CARIARI', NULL, NULL, NULL, NULL, NULL, NULL, NULL, NULL, NULL, NULL, 1, 0, 1, NULL, NULL, 1763221263, 1763221263);

-- --------------------------------------------------------

--
-- Estructura de tabla para la tabla `business_category`
--

CREATE TABLE `business_category` (
  `business_id` int NOT NULL,
  `category_id` int NOT NULL
) ENGINE=InnoDB DEFAULT CHARSET=utf8mb4 COLLATE=utf8mb4_0900_ai_ci;

--
-- Volcado de datos para la tabla `business_category`
--

INSERT INTO `business_category` (`business_id`, `category_id`) VALUES
(223, 1),
(224, 1),
(225, 1),
(226, 1),
(227, 1),
(228, 1),
(230, 1),
(232, 1),
(235, 1),
(236, 1),
(238, 1),
(239, 1),
(243, 1),
(244, 1),
(246, 1),
(247, 1),
(248, 1),
(250, 1),
(251, 1),
(252, 1),
(254, 1),
(256, 1),
(260, 1),
(261, 1),
(262, 1),
(264, 1),
(266, 1),
(267, 1),
(268, 1),
(269, 1),
(270, 1),
(271, 1),
(273, 1),
(279, 1),
(280, 1),
(281, 1),
(284, 1),
(285, 1),
(286, 1),
(287, 1),
(291, 1),
(292, 1),
(296, 1),
(297, 1),
(298, 1),
(302, 1),
(303, 1),
(305, 1),
(306, 1),
(307, 1),
(308, 1),
(309, 1),
(311, 1),
(314, 1),
(315, 1),
(317, 1),
(319, 1),
(322, 1),
(323, 1),
(327, 1),
(328, 1),
(231, 2),
(233, 3),
(234, 3),
(240, 3),
(241, 3),
(242, 3),
(312, 3),
(237, 4),
(245, 4),
(249, 4),
(255, 4),
(257, 4),
(265, 4),
(283, 4),
(288, 4),
(289, 4),
(295, 4),
(299, 4),
(301, 4),
(304, 4),
(310, 4),
(313, 4),
(318, 4),
(324, 4),
(326, 4),
(253, 5),
(258, 5),
(259, 5),
(263, 6),
(272, 7),
(274, 7),
(275, 7),
(329, 8),
(330, 9),
(331, 10),
(332, 11);

-- --------------------------------------------------------

--
-- Estructura de tabla para la tabla `category`
--

CREATE TABLE `category` (
  `id` int NOT NULL,
  `name` varchar(120) NOT NULL,
  `slug` varchar(160) NOT NULL,
  `description` varchar(255) DEFAULT NULL,
  `created_at` int NOT NULL,
  `updated_at` int NOT NULL
) ENGINE=InnoDB DEFAULT CHARSET=utf8mb4 COLLATE=utf8mb4_0900_ai_ci;

--
-- Volcado de datos para la tabla `category`
--

INSERT INTO `category` (`id`, `name`, `slug`, `description`, `created_at`, `updated_at`) VALUES
(1, 'SERVICIOS', 'SERVICIOS-CAT-1', 'SECTOR SERVICIOS', 1763222480, 1763222480),
(2, 'ONG', 'ONG-CAT-2', 'SECTOR ONG', 1763222480, 1763222480),
(3, 'AGROINDUSTRIA', 'AGROINDUSTRIA-CAT-3', 'SECTOR AGROINDUSTRIA', 1763222480, 1763222480),
(4, 'COMERCIO', 'COMERCIO-CAT-4', 'SECTOR COMERCIO', 1763222480, 1763222480),
(5, 'SERVICIO', 'SERVICIO-CAT-5', 'SECTOR SERVICIO', 1763222480, 1763222480),
(6, 'INDUSTRIA', 'INDUSTRIA-CAT-6', 'SECTOR INDUSTRIA', 1763222480, 1763222480),
(7, 'ASOCIACIÓN SIN FINES DE LUCRO', 'ASOCIACI-N-SIN-FINES-DE-LUCRO-CAT-7', 'SECTOR ASOCIACIÓN SIN FINES DE LUCRO', 1763222480, 1763222480),
(8, 'COMERCIO Y SERVICIOS', 'COMERCIO-Y-SERVICIOS-CAT-8', 'SECTOR COMERCIO Y SERVICIOS', 1763222480, 1763222480),
(9, 'CENTRO DE BELLEZA IRIS', 'CENTRO-DE-BELLEZA-IRIS-CAT-9', 'SECTOR CENTRO DE BELLEZA IRIS', 1763222480, 1763222480),
(10, 'SODA', 'SODA-CAT-10', 'SECTOR SODA', 1763222480, 1763222480),
(11, 'LICORERA', 'LICORERA-CAT-11', 'SECTOR LICORERA', 1763222480, 1763222480),
(12, 'ABOGACÍA', 'abogacia-1', 'SECTOR ABOGACÍA', 1763226408, 1763226408),
(13, 'ABOGACÍA Y NOTARIADO', 'abogaciaynotariado-1', 'SECTOR ABOGACÍA Y NOTARIADO', 1763226408, 1763226408),
(14, 'ABOGADA', 'abogada-1', 'SECTOR ABOGADA', 1763226408, 1763226408),
(15, 'ABOGADA Y NOTARIA', 'abogadaynotaria-1', 'SECTOR ABOGADA Y NOTARIA', 1763226408, 1763226408),
(16, 'ABOGADO', 'abogado-1', 'SECTOR ABOGADO', 1763226408, 1763226408),
(17, 'ABORDAJE PSICOLÓGICO INDIVIDUAL / PSICO LABORAL. CHARLAS Y TALLERES', 'abordajep-icologicoindividualp-icolaboralcharla-ytallere-1', 'SECTOR ABORDAJE PSICOLÓGICO INDIVIDUAL / PSICO LABORAL. CHARLAS Y TALLERES', 1763226408, 1763226408),
(18, 'AGENCIA DE VIAJES', 'agenciadeviaje-1', 'SECTOR AGENCIA DE VIAJES', 1763226408, 1763226408),
(19, 'AGRICULTURA', 'agricultura-1', 'SECTOR AGRICULTURA', 1763226408, 1763226408),
(20, 'AIRE ACONDIOCIONADO', 'aireacondiocionado-1', 'SECTOR AIRE ACONDIOCIONADO', 1763226408, 1763226408),
(21, 'ALQUILER DE MOBILIARIO PARA FIESTAS Y EVENTOS CORPORATIVOS', 'alquilerdemobiliarioparafie-ta-yevento-corporativo-1', 'SECTOR ALQUILER DE MOBILIARIO PARA FIESTAS Y EVENTOS CORPORATIVOS', 1763226408, 1763226408),
(22, 'ALQUILER MAQUINAS DE HIELO', 'alquilermaquina-dehielo-1', 'SECTOR ALQUILER MAQUINAS DE HIELO', 1763226408, 1763226408),
(23, 'ALQUILERES', 'alquilere-1', 'SECTOR ALQUILERES', 1763226408, 1763226408),
(24, 'ALQUILERES ( VEHICULO)', 'alquilere-vehiculo-1', 'SECTOR ALQUILERES ( VEHICULO)', 1763226408, 1763226408),
(25, 'ALQUILERES COMERCIALES', 'alquilere-comerciale-1', 'SECTOR ALQUILERES COMERCIALES', 1763226408, 1763226408),
(26, 'ALQUILERES Y AGRICULTURA', 'alquilere-yagricultura-1', 'SECTOR ALQUILERES Y AGRICULTURA', 1763226408, 1763226408),
(27, 'ANIMACION Y EVENTOS', 'animacionyevento-1', 'SECTOR ANIMACION Y EVENTOS', 1763226408, 1763226408),
(28, 'APICULTURA', 'apicultura-1', 'SECTOR APICULTURA', 1763226408, 1763226408),
(29, 'ARQUITECTURA', 'arquitectura-1', 'SECTOR ARQUITECTURA', 1763226408, 1763226408),
(30, 'ARQUITECTURA Y CONSTRUCCION', 'arquitecturaycon-truccion-1', 'SECTOR ARQUITECTURA Y CONSTRUCCION', 1763226408, 1763226408),
(31, 'ARQUITECTURA Y CONSTRUCCIÓN', 'arquitecturaycon-truccion-2', 'SECTOR ARQUITECTURA Y CONSTRUCCIÓN', 1763226408, 1763226408),
(32, 'ARQUITECTURA, CONSULTORÍA Y CONSTRUCCIÓN', 'arquitecturacon-ultoriaycon-truccion-1', 'SECTOR ARQUITECTURA, CONSULTORÍA Y CONSTRUCCIÓN', 1763226408, 1763226408),
(33, 'ASEGURADORA', 'a-eguradora-1', 'SECTOR ASEGURADORA', 1763226408, 1763226408),
(34, 'ASERRADERO', 'a-erradero-1', 'SECTOR ASERRADERO', 1763226408, 1763226408),
(35, 'ASESOR COMISIONISTA', 'a-e-orcomi-ioni-ta-1', 'SECTOR ASESOR COMISIONISTA', 1763226408, 1763226408),
(36, 'ASESOR EN NEUROMARKETING', 'a-e-orenneuromarketing-1', 'SECTOR ASESOR EN NEUROMARKETING', 1763226408, 1763226408),
(37, 'ASESOR INMOBILIARIO', 'a-e-orinmobiliario-1', 'SECTOR ASESOR INMOBILIARIO', 1763226408, 1763226408),
(38, 'ASESOR PUBLICITARIO', 'a-e-orpublicitario-1', 'SECTOR ASESOR PUBLICITARIO', 1763226408, 1763226408),
(39, 'ASESORAMIENTO EMPRESARIAL', 'a-e-oramientoempre-arial-1', 'SECTOR ASESORAMIENTO EMPRESARIAL', 1763226408, 1763226408),
(40, 'ASESORES POLÍTICOS', 'a-e-ore-politico-1', 'SECTOR ASESORES POLÍTICOS', 1763226408, 1763226408),
(41, 'ASESORIA AGRICOLA Y FUMIGACIÓN AEREA', 'a-e-oriaagricolayfumigacionaerea-1', 'SECTOR ASESORIA AGRICOLA Y FUMIGACIÓN AEREA', 1763226408, 1763226408),
(42, 'ASESORIA EMPRESARIAL', 'a-e-oriaempre-arial-1', 'SECTOR ASESORIA EMPRESARIAL', 1763226408, 1763226408),
(43, 'ASESORIAS', 'a-e-oria-1', 'SECTOR ASESORIAS', 1763226408, 1763226408),
(44, 'ASESORIAS MEDICAS', 'a-e-oria-medica-1', 'SECTOR ASESORIAS MEDICAS', 1763226408, 1763226408),
(45, 'ASESORÍA EMPRENDIMIENTOS, PSICOLOGIA', 'a-e-oriaemprendimiento-p-icologia-1', 'SECTOR ASESORÍA EMPRENDIMIENTOS, PSICOLOGIA', 1763226408, 1763226408),
(46, 'ASESORÍA EN LICITACIONES PÚBLICAS', 'a-e-oriaenlicitacione-publica-1', 'SECTOR ASESORÍA EN LICITACIONES PÚBLICAS', 1763226408, 1763226408),
(47, 'ASESORÍA EN MARKETING', 'a-e-oriaenmarketing-1', 'SECTOR ASESORÍA EN MARKETING', 1763226408, 1763226408),
(48, 'ASESORÍA EN SALUD OCUPACIONAL', 'a-e-oriaen-aludocupacional-1', 'SECTOR ASESORÍA EN SALUD OCUPACIONAL', 1763226408, 1763226408),
(49, 'ASESORÍAS MÉDICAS', 'a-e-oria-medica-2', 'SECTOR ASESORÍAS MÉDICAS', 1763226408, 1763226408),
(50, 'ASOCIACION PEDIATRICA', 'a-ociacionpediatrica-1', 'SECTOR ASOCIACION PEDIATRICA', 1763226408, 1763226408),
(51, 'AUDIOVISUALES', 'audiovi-uale-1', 'SECTOR AUDIOVISUALES', 1763226408, 1763226408),
(52, 'BAR Y REST', 'baryre-t-1', 'SECTOR BAR Y REST', 1763226408, 1763226408),
(53, 'BARBERIA', 'barberia-1', 'SECTOR BARBERIA', 1763226408, 1763226408),
(54, 'BAZAR', 'bazar-1', 'SECTOR BAZAR', 1763226408, 1763226408),
(55, 'BIENES RAICES', 'biene-raice-1', 'SECTOR BIENES RAICES', 1763226408, 1763226408),
(56, 'CABINAS', 'cabina-1', 'SECTOR CABINAS', 1763226408, 1763226408),
(57, 'CAFICULTOR', 'caficultor-1', 'SECTOR CAFICULTOR', 1763226408, 1763226408),
(58, 'CALL CENTER', 'callcenter-1', 'SECTOR CALL CENTER', 1763226408, 1763226408),
(59, 'CAMARA COMERCIAL DE NUTRICIONISTAS DE CR', 'camaracomercialdenutricioni-ta-decr-1', 'SECTOR CAMARA COMERCIAL DE NUTRICIONISTAS DE CR', 1763226408, 1763226408),
(60, 'CAMPOSANTO Y SERVICIOS FUNERARIOS', 'campo-antoy-ervicio-funerario-1', 'SECTOR CAMPOSANTO Y SERVICIOS FUNERARIOS', 1763226408, 1763226408),
(61, 'CANCHA SINTETICA DE ALQUILER', 'cancha-inteticadealquiler-1', 'SECTOR CANCHA SINTETICA DE ALQUILER', 1763226408, 1763226408),
(62, 'CAPACITACIONES EMPRESARIALES', 'capacitacione-empre-ariale-1', 'SECTOR CAPACITACIONES EMPRESARIALES', 1763226408, 1763226408),
(63, 'CATERING SERVICE', 'catering-ervice-1', 'SECTOR CATERING SERVICE', 1763226408, 1763226408),
(64, 'CENTRO INFANTIL', 'centroinfantil-1', 'SECTOR CENTRO INFANTIL', 1763226408, 1763226408),
(65, 'CLINICA FISIOTERAPIA', 'clinicafi-ioterapia-1', 'SECTOR CLINICA FISIOTERAPIA', 1763226408, 1763226408),
(66, 'CLINICA MEDICA', 'clinicamedica-1', 'SECTOR CLINICA MEDICA', 1763226408, 1763226408),
(67, 'CLÍNICAS DE ESPECIALIDADES MÉDICAS', 'clinica-dee-pecialidade-medica-1', 'SECTOR CLÍNICAS DE ESPECIALIDADES MÉDICAS', 1763226408, 1763226408),
(68, 'COACH DEPORTIVO', 'coachdeportivo-1', 'SECTOR COACH DEPORTIVO', 1763226408, 1763226408),
(69, 'COFFEE TOURS MARIPOSARIO', 'coffeetour-maripo-ario-1', 'SECTOR COFFEE TOURS MARIPOSARIO', 1763226408, 1763226408),
(70, 'COMERCIO', 'comercio-1', 'SECTOR COMERCIO', 1763226408, 1763226408),
(71, 'COMERCIO AL POR MENOR', 'comercioalpormenor-1', 'SECTOR COMERCIO AL POR MENOR', 1763226408, 1763226408),
(72, 'COMIDAS RAPIDAS', 'comida-rapida-1', 'SECTOR COMIDAS RAPIDAS', 1763226408, 1763226408),
(73, 'CONFERENCISTA MOTIVACIONAL', 'conferenci-tamotivacional-1', 'SECTOR CONFERENCISTA MOTIVACIONAL', 1763226408, 1763226408),
(74, 'CONSTRUCTOR', 'con-tructor-1', 'SECTOR CONSTRUCTOR', 1763226408, 1763226408),
(75, 'CONSTRUCTOR INDEPENDIENTE', 'con-tructorindependiente-1', 'SECTOR CONSTRUCTOR INDEPENDIENTE', 1763226408, 1763226408),
(76, 'CONSTRUCTORA', 'con-tructora-1', 'SECTOR CONSTRUCTORA', 1763226408, 1763226408),
(77, 'CONSULTOR EMPRESARIAL', 'con-ultorempre-arial-1', 'SECTOR CONSULTOR EMPRESARIAL', 1763226408, 1763226408),
(78, 'CONSULTORIA EN AROMATERAPIA', 'con-ultoriaenaromaterapia-1', 'SECTOR CONSULTORIA EN AROMATERAPIA', 1763226408, 1763226408),
(79, 'CONSULTORÍA EMPRESARIAL', 'con-ultoriaempre-arial-1', 'SECTOR CONSULTORÍA EMPRESARIAL', 1763226408, 1763226408),
(80, 'CONSULTORÍA EN ARQUITECTURA Y CONSTRUCCIÓN', 'con-ultoriaenarquitecturaycon-truccion-1', 'SECTOR CONSULTORÍA EN ARQUITECTURA Y CONSTRUCCIÓN', 1763226408, 1763226408),
(81, 'CONTABILIDAD PÚBLICA Y PRIVADA', 'contabilidadpublicayprivada-1', 'SECTOR CONTABILIDAD PÚBLICA Y PRIVADA', 1763226408, 1763226408),
(82, 'CONTADURÍA PRIVADA', 'contaduriaprivada-1', 'SECTOR CONTADURÍA PRIVADA', 1763226408, 1763226408),
(83, 'CONVENIO PARQUEO', 'convenioparqueo-1', 'SECTOR CONVENIO PARQUEO', 1763226408, 1763226408),
(84, 'COOPERATIVA', 'cooperativa-1', 'SECTOR COOPERATIVA', 1763226408, 1763226408),
(85, 'CORREDORA DE SEGUROS', 'corredorade-eguro-1', 'SECTOR CORREDORA DE SEGUROS', 1763226408, 1763226408),
(86, 'CULTIVOS HIDROPÓNICOS', 'cultivo-hidroponico-1', 'SECTOR CULTIVOS HIDROPÓNICOS', 1763226408, 1763226408),
(87, 'CURSOS ROBOTICA, EXCEL, INGLÉS Y ALUSIVOS', 'cur-o-roboticaexcelingle-yalu-ivo-1', 'SECTOR CURSOS ROBOTICA, EXCEL, INGLÉS Y ALUSIVOS', 1763226408, 1763226408),
(88, 'CÁMARA DE PYMES', 'camaradepyme-1', 'SECTOR CÁMARA DE PYMES', 1763226408, 1763226408),
(89, 'DENTISTA', 'denti-ta-1', 'SECTOR DENTISTA', 1763226408, 1763226408),
(90, 'DISEÑADORES WEB Y GRAFICOS', 'di-enadore-webygrafico-1', 'SECTOR DISEÑADORES WEB Y GRAFICOS', 1763226408, 1763226408),
(91, 'DISEÑO GRAFICO', 'di-enografico-1', 'SECTOR DISEÑO GRAFICO', 1763226408, 1763226408),
(92, 'DISTRIBUIDORA DE PAN', 'di-tribuidoradepan-1', 'SECTOR DISTRIBUIDORA DE PAN', 1763226408, 1763226408),
(93, 'DISTRIBUIDORA DE ENVASES PLASTICOS', 'di-tribuidoradeenva-e-pla-tico-1', 'SECTOR DISTRIBUIDORA DE ENVASES PLASTICOS', 1763226408, 1763226408),
(94, 'DISTRIBUIDORA INDEPENDIENTE OMNILIFE', 'di-tribuidoraindependienteomnilife-1', 'SECTOR DISTRIBUIDORA INDEPENDIENTE OMNILIFE', 1763226408, 1763226408),
(95, 'DISTRIBUIDORA LLANTAZ', 'di-tribuidorallantaz-1', 'SECTOR DISTRIBUIDORA LLANTAZ', 1763226408, 1763226408),
(96, 'DESARROLLO DE PROYECTOS INMOBILIARIOS, VENTA DE PROPIEDADES', 'de-arrollodeproyecto-inmobiliario-ventadepropiedade-1', 'SECTOR DESARROLLO DE PROYECTOS INMOBILIARIOS, VENTA DE PROPIEDADES', 1763226408, 1763226408),
(97, 'EDUCACION PRIVADA', 'educacionprivada-1', 'SECTOR EDUCACION PRIVADA', 1763226408, 1763226408),
(98, 'EDUCACIÓN UNIVERSITARIA', 'educacionuniver-itaria-1', 'SECTOR EDUCACIÓN UNIVERSITARIA', 1763226408, 1763226408),
(99, 'ELABORACION DE SALSAS PICANTES', 'elaboracionde-al-a-picante-1', 'SECTOR ELABORACION DE SALSAS PICANTES', 1763226408, 1763226408),
(100, 'ELABORACIÓN DE PRODUCTOS DE LIMPIEZA AMIGABLES CON LA NATURALEZA', 'elaboraciondeproducto-delimpiezaamigable-conlanaturaleza-1', 'SECTOR ELABORACIÓN DE PRODUCTOS DE LIMPIEZA AMIGABLES CON LA NATURALEZA', 1763226408, 1763226408),
(101, 'ELECTRICISTA', 'electrici-ta-1', 'SECTOR ELECTRICISTA', 1763226408, 1763226408),
(102, 'EMPRENDEDOR', 'emprendedor-1', 'SECTOR EMPRENDEDOR', 1763226408, 1763226408),
(103, 'EMPRESA CAFICULTORA', 'empre-acaficultora-1', 'SECTOR EMPRESA CAFICULTORA', 1763226408, 1763226408),
(104, 'EMPRESA DE RECICLAJE', 'empre-adereciclaje-1', 'SECTOR EMPRESA DE RECICLAJE', 1763226408, 1763226408),
(105, 'ENFERMERÍA', 'enfermeria-1', 'SECTOR ENFERMERÍA', 1763226408, 1763226408),
(106, 'ENFOQUE EN LA PREVENCIÓN DEL SUICIDIO', 'enfoqueenlaprevenciondel-uicidio-1', 'SECTOR ENFOQUE EN LA PREVENCIÓN DEL SUICIDIO', 1763226408, 1763226408),
(107, 'ENSEÑANZA DEL INGLÉS', 'en-enanzadelingle-1', 'SECTOR ENSEÑANZA DEL INGLÉS', 1763226408, 1763226408),
(108, 'ESCUELA DE ENSEÑANSA ESPECIAL', 'e-cueladeen-enan-ae-pecial-1', 'SECTOR ESCUELA DE ENSEÑANSA ESPECIAL', 1763226408, 1763226408),
(109, 'ESCUELAS PARA JÓVENES ES SITUACIÓN DE VULNERABILIDAD', 'e-cuela-parajovene-e-ituaciondevulnerabilidad-1', 'SECTOR ESCUELAS PARA JÓVENES ES SITUACIÓN DE VULNERABILIDAD', 1763226408, 1763226408),
(110, 'ESTETICA', 'e-tetica-1', 'SECTOR ESTETICA', 1763226408, 1763226408),
(111, 'FABRICA DE MUEBLES', 'fabricademueble-1', 'SECTOR FABRICA DE MUEBLES', 1763226408, 1763226408),
(112, 'FABRICA DE PRODUCTOS DE HIERRO', 'fabricadeproducto-dehierro-1', 'SECTOR FABRICA DE PRODUCTOS DE HIERRO', 1763226408, 1763226408),
(113, 'FABRICACION DE MUEBLES DE CAMA', 'fabricaciondemueble-decama-1', 'SECTOR FABRICACION DE MUEBLES DE CAMA', 1763226408, 1763226408),
(114, 'FABRICACION DE VINOS', 'fabricaciondevino-1', 'SECTOR FABRICACION DE VINOS', 1763226408, 1763226408),
(115, 'FACTURA ELECTRONICA, COWORKING, ALQUILER DE OFICINAS, OUTSOURCING, AGENCIA DIGITAL, SOLUCIONES WEB, LEGAL TRIBUTARIO', 'facturaelectronicacoworkingalquilerdeoficina-out-ourcingagenciadigital-olucione-weblegaltributario-1', 'SECTOR FACTURA ELECTRONICA, COWORKING, ALQUILER DE OFICINAS, OUTSOURCING, AGENCIA DIGITAL, SOLUCIONES WEB, LEGAL TRIBUTARIO', 1763226408, 1763226408),
(116, 'FACTURACIÓN ELECTRÓNICA Y CONTABILIDAD REGIMEN SIMPLIFICADO', 'facturacionelectronicaycontabilidadregimen-implificado-1', 'SECTOR FACTURACIÓN ELECTRÓNICA Y CONTABILIDAD REGIMEN SIMPLIFICADO', 1763226408, 1763226408),
(117, 'FARMACIA', 'farmacia-1', 'SECTOR FARMACIA', 1763226408, 1763226408),
(118, 'FERRETERIA', 'ferreteria-1', 'SECTOR FERRETERIA', 1763226408, 1763226408),
(119, 'FINANCIERA', 'financiera-1', 'SECTOR FINANCIERA', 1763226408, 1763226408),
(120, 'FISIOTERAPIA', 'fi-ioterapia-1', 'SECTOR FISIOTERAPIA', 1763226408, 1763226408),
(121, 'FOMENTO DE LA APICULTURA', 'fomentodelaapicultura-1', 'SECTOR FOMENTO DE LA APICULTURA', 1763226408, 1763226408),
(122, 'FOTOGRAFIA', 'fotografia-1', 'SECTOR FOTOGRAFIA', 1763226408, 1763226408),
(123, 'FOTOGRAFÍA', 'fotografia-2', 'SECTOR FOTOGRAFÍA', 1763226408, 1763226408),
(124, 'FRUTAS Y ABARROTES', 'fruta-yabarrote-1', 'SECTOR FRUTAS Y ABARROTES', 1763226408, 1763226408),
(125, 'FUNERARIA Y SALAS DE VELACION', 'funerariay-ala-develacion-1', 'SECTOR FUNERARIA Y SALAS DE VELACION', 1763226408, 1763226408),
(126, 'GANADERÍA', 'ganaderia-1', 'SECTOR GANADERÍA', 1763226408, 1763226408),
(127, 'GIMNASIO', 'gimna-io-1', 'SECTOR GIMNASIO', 1763226408, 1763226408),
(128, 'GRUPO MUSICAL CLÁSICOS ROQUEROS', 'grupomu-icalcla-ico-roquero-1', 'SECTOR GRUPO MUSICAL CLÁSICOS ROQUEROS', 1763226408, 1763226408),
(129, 'HELADERIA', 'heladeria-1', 'SECTOR HELADERIA', 1763226408, 1763226408),
(130, 'HOTEL DE PLAYA', 'hoteldeplaya-1', 'SECTOR HOTEL DE PLAYA', 1763226408, 1763226408),
(131, 'HOTEL EN FORTUNA', 'hotelenfortuna-1', 'SECTOR HOTEL EN FORTUNA', 1763226408, 1763226408),
(132, 'IMPORTACION Y VENTA DE VEHICULOS', 'importacionyventadevehiculo-1', 'SECTOR IMPORTACION Y VENTA DE VEHICULOS', 1763226408, 1763226408),
(133, 'IMPORTADORA, VENTA DE ARTICULOS PARA EL HOGAR Y FERRETERIA', 'importadoraventadearticulo-paraelhogaryferreteria-1', 'SECTOR IMPORTADORA, VENTA DE ARTICULOS PARA EL HOGAR Y FERRETERIA', 1763226408, 1763226408),
(134, 'IMPRESIONES Y ROTULACION', 'impre-ione-yrotulacion-1', 'SECTOR IMPRESIONES Y ROTULACION', 1763226408, 1763226408),
(135, 'INFLABLES Y ALQUILER DE MOBILIARIOS', 'inflable-yalquilerdemobiliario-1', 'SECTOR INFLABLES Y ALQUILER DE MOBILIARIOS', 1763226408, 1763226408),
(136, 'INFORMATICO', 'informatico-1', 'SECTOR INFORMATICO', 1763226408, 1763226408),
(137, 'INFORMÁTICA, SOFTWARE', 'informatica-oftware-1', 'SECTOR INFORMÁTICA, SOFTWARE', 1763226408, 1763226408),
(138, 'INGENIERO', 'ingeniero-1', 'SECTOR INGENIERO', 1763226408, 1763226408),
(139, 'INGENIERO ELECTRICO', 'ingenieroelectrico-1', 'SECTOR INGENIERO ELECTRICO', 1763226408, 1763226408),
(140, 'INGENIERÍA CIVIL', 'ingenieriacivil-1', 'SECTOR INGENIERÍA CIVIL', 1763226408, 1763226408),
(141, 'INSTALACION DE ROTULOS Y VALLAS PUBLICITARIAS', 'in-talacionderotulo-yvalla-publicitaria-1', 'SECTOR INSTALACION DE ROTULOS Y VALLAS PUBLICITARIAS', 1763226408, 1763226408),
(142, 'INSTALACIONES DE AIRE ACONDICIONADO', 'in-talacione-deaireacondicionado-1', 'SECTOR INSTALACIONES DE AIRE ACONDICIONADO', 1763226408, 1763226408),
(143, 'INSTITUTO EDUCATIVO', 'in-titutoeducativo-1', 'SECTOR INSTITUTO EDUCATIVO', 1763226408, 1763226408),
(144, 'INVERSIONES VARIAS', 'inver-ione-varia-1', 'SECTOR INVERSIONES VARIAS', 1763226408, 1763226408),
(145, 'LABORATORIO CLINICO', 'laboratorioclinico-1', 'SECTOR LABORATORIO CLINICO', 1763226408, 1763226408),
(146, 'LABORATORIO MICROBIOLOGIA', 'laboratoriomicrobiologia-1', 'SECTOR LABORATORIO MICROBIOLOGIA', 1763226408, 1763226408),
(147, 'LAVACAR', 'lavacar-1', 'SECTOR LAVACAR', 1763226408, 1763226408),
(148, 'LICORERA', 'licorera-1', 'SECTOR LICORERA', 1763226408, 1763226408),
(149, 'LIMPIEZA PROFESIONAL', 'limpiezaprofe-ional-1', 'SECTOR LIMPIEZA PROFESIONAL', 1763226408, 1763226408),
(150, 'LIMPIEZA Y MANTENIMIENTO RESIDENCIAL', 'limpiezaymantenimientore-idencial-1', 'SECTOR LIMPIEZA Y MANTENIMIENTO RESIDENCIAL', 1763226408, 1763226408),
(151, 'MACROBIOTICA', 'macrobiotica-1', 'SECTOR MACROBIOTICA', 1763226408, 1763226408),
(152, 'MANICURISTA', 'manicuri-ta-1', 'SECTOR MANICURISTA', 1763226408, 1763226408),
(153, 'MANTENIMIENTO INDUSTRIAL', 'mantenimientoindu-trial-1', 'SECTOR MANTENIMIENTO INDUSTRIAL', 1763226408, 1763226408),
(154, 'MANTENIMIENTO INDUSTRIAL, MECÁNICA DE PRESICIÓN, SOLDADURA GENERAL Y SISTEMAS DE BOMBEO Y RIEGO', 'mantenimientoindu-trialmecanicadepre-icion-oldadurageneraly-i-tema-debombeoyriego-1', 'SECTOR MANTENIMIENTO INDUSTRIAL, MECÁNICA DE PRESICIÓN, SOLDADURA GENERAL Y SISTEMAS DE BOMBEO Y RIEGO', 1763226408, 1763226408),
(155, 'MARISQUERÍA', 'mari-queria-1', 'SECTOR MARISQUERÍA', 1763226408, 1763226408),
(156, 'MARKETING DIGITAL', 'marketingdigital-1', 'SECTOR MARKETING DIGITAL', 1763226408, 1763226408),
(157, 'MEDICINA ALTERNATIVA', 'medicinaalternativa-1', 'SECTOR MEDICINA ALTERNATIVA', 1763226408, 1763226408),
(158, 'MENSAJERO', 'men-ajero-1', 'SECTOR MENSAJERO', 1763226408, 1763226408),
(159, 'MINI SUPER Y LICORERA', 'mini-uperylicorera-1', 'SECTOR MINI SUPER Y LICORERA', 1763226408, 1763226408),
(160, 'MINISUPER', 'mini-uper-1', 'SECTOR MINISUPER', 1763226408, 1763226408),
(161, 'MUEBLERIA', 'muebleria-1', 'SECTOR MUEBLERIA', 1763226408, 1763226408),
(162, 'MUEBLES EN METAL, MADERA Y SONDALEZA', 'mueble-enmetalmaderay-ondaleza-1', 'SECTOR MUEBLES EN METAL, MADERA Y SONDALEZA', 1763226408, 1763226408),
(163, 'NUTRICIONISTA', 'nutricioni-ta-1', 'SECTOR NUTRICIONISTA', 1763226408, 1763226408),
(164, 'NUTRICIONISTA / GALLETAS NUTRITIVAS', 'nutricioni-tagalleta-nutritiva-1', 'SECTOR NUTRICIONISTA / GALLETAS NUTRITIVAS', 1763226408, 1763226408),
(165, 'ODONTOLOGA', 'odontologa-1', 'SECTOR ODONTOLOGA', 1763226408, 1763226408),
(166, 'ODONTOLOGO', 'odontologo-1', 'SECTOR ODONTOLOGO', 1763226408, 1763226408),
(167, 'OPTICA', 'optica-1', 'SECTOR OPTICA', 1763226408, 1763226408),
(168, 'ORGANIZACIÓN FERIAS DE AUTOS', 'organizacionferia-deauto-1', 'SECTOR ORGANIZACIÓN FERIAS DE AUTOS', 1763226408, 1763226408),
(169, 'OUTSOURCING DE PERSONAL', 'out-ourcingdeper-onal-1', 'SECTOR OUTSOURCING DE PERSONAL', 1763226408, 1763226408),
(170, 'PANADERIA', 'panaderia-1', 'SECTOR PANADERIA', 1763226408, 1763226408),
(171, 'PASTELERÍA Y REPOSTERÍA', 'pa-teleriayrepo-teria-1', 'SECTOR PASTELERÍA Y REPOSTERÍA', 1763226408, 1763226408),
(172, 'PEDIATRÍA', 'pediatria-1', 'SECTOR PEDIATRÍA', 1763226408, 1763226408),
(173, 'PERFUMERIA', 'perfumeria-1', 'SECTOR PERFUMERIA', 1763226408, 1763226408),
(174, 'PERIODICO DIGITAL', 'periodicodigital-1', 'SECTOR PERIODICO DIGITAL', 1763226408, 1763226408),
(175, 'PESCADERIA Y VENTA DE MARISCOS POR MAYOR Y POR MENOR', 'pe-caderiayventademari-co-pormayorypormenor-1', 'SECTOR PESCADERIA Y VENTA DE MARISCOS POR MAYOR Y POR MENOR', 1763226408, 1763226408),
(176, 'PIZZERIA Y RESTAURANTE', 'pizzeriayre-taurante-1', 'SECTOR PIZZERIA Y RESTAURANTE', 1763226408, 1763226408),
(177, 'PRODUCCION AUDIOS', 'produccionaudio-1', 'SECTOR PRODUCCION AUDIOS', 1763226408, 1763226408),
(178, 'PRODUCCIÓN DE MIEL', 'producciondemiel-1', 'SECTOR PRODUCCIÓN DE MIEL', 1763226408, 1763226408),
(179, 'PROFESOR POR CUENTA PROPIA', 'profe-orporcuentapropia-1', 'SECTOR PROFESOR POR CUENTA PROPIA', 1763226408, 1763226408),
(180, 'PSICOLOGIA', 'p-icologia-1', 'SECTOR PSICOLOGIA', 1763226408, 1763226408),
(181, 'PSICOLOGO', 'p-icologo-1', 'SECTOR PSICOLOGO', 1763226408, 1763226408),
(182, 'PSIOTERAPEUTA', 'p-ioterapeuta-1', 'SECTOR PSIOTERAPEUTA', 1763226408, 1763226408),
(183, 'PUBLICIDAD', 'publicidad-1', 'SECTOR PUBLICIDAD', 1763226408, 1763226408),
(184, 'PRODUCCIÓN DERIVADOS LECHE CABRA', 'produccionderivado-lechecabra-1', 'SECTOR PRODUCCIÓN DERIVADOS LECHE CABRA', 1763226408, 1763226408),
(185, 'RENT  A CAR', 'rentacar-1', 'SECTOR RENT  A CAR', 1763226408, 1763226408),
(186, 'RESTAURANTE', 're-taurante-1', 'SECTOR RESTAURANTE', 1763226408, 1763226408),
(187, 'RESTAURANTE COMIDA MEXICANA', 're-taurantecomidamexicana-1', 'SECTOR RESTAURANTE COMIDA MEXICANA', 1763226408, 1763226408),
(188, 'RESTAURANTES', 're-taurante-2', 'SECTOR RESTAURANTES', 1763226408, 1763226408),
(189, 'SALAS DE BELLEZA', 'ala-debelleza-1', 'SECTOR SALAS DE BELLEZA', 1763226408, 1763226408),
(190, 'SALON DE BELLEZA', 'alondebelleza-1', 'SECTOR SALON DE BELLEZA', 1763226408, 1763226408),
(191, 'SEGURIDAD PRIVADA', 'eguridadprivada-1', 'SECTOR SEGURIDAD PRIVADA', 1763226408, 1763226408),
(192, 'SEGUROS DE VIDA', 'eguro-devida-1', 'SECTOR SEGUROS DE VIDA', 1763226408, 1763226408),
(193, 'SERVICIO DE TRANSPORTE TAXI', 'erviciodetran-portetaxi-1', 'SECTOR SERVICIO DE TRANSPORTE TAXI', 1763226408, 1763226408),
(194, 'SERVICIOS BURSÁTILES', 'ervicio-bur-atile-1', 'SECTOR SERVICIOS BURSÁTILES', 1763226408, 1763226408),
(195, 'SERVICIOS DE COMPUTACION , IT Y SOFTWARE', 'ervicio-decomputacionity-oftware-1', 'SECTOR SERVICIOS DE COMPUTACION , IT Y SOFTWARE', 1763226408, 1763226408),
(196, 'SERVICIOS DE ENCOMIENDAS', 'ervicio-deencomienda-1', 'SECTOR SERVICIOS DE ENCOMIENDAS', 1763226408, 1763226408),
(197, 'SERVICIOS DE PSICOLOGÍA', 'ervicio-dep-icologia-1', 'SECTOR SERVICIOS DE PSICOLOGÍA', 1763226408, 1763226408),
(198, 'SERVICIOS FINANCIEROS', 'ervicio-financiero-1', 'SECTOR SERVICIOS FINANCIEROS', 1763226408, 1763226408),
(199, 'SERVICIOS FÚNEBRES', 'ervicio-funebre-1', 'SECTOR SERVICIOS FÚNEBRES', 1763226408, 1763226408),
(200, 'SERVICIOS TURISTICOS', 'ervicio-turi-tico-1', 'SECTOR SERVICIOS TURISTICOS', 1763226408, 1763226408),
(201, 'SERVICIOS TURÍSTICOS', 'ervicio-turi-tico-2', 'SECTOR SERVICIOS TURÍSTICOS', 1763226408, 1763226408),
(202, 'SERVICIOS TÉCNICOS DE EQUIPO AGRÍCOLA Y JARDINERÍA', 'ervicio-tecnico-deequipoagricolayjardineria-1', 'SECTOR SERVICIOS TÉCNICOS DE EQUIPO AGRÍCOLA Y JARDINERÍA', 1763226408, 1763226408),
(203, 'SISTEMA Y CONTA TRADICIONAL', 'i-temaycontatradicional-1', 'SECTOR SISTEMA Y CONTA TRADICIONAL', 1763226408, 1763226408),
(204, 'SODA', 'oda-1', 'SECTOR SODA', 1763226408, 1763226408),
(205, 'SODA COMIDAS RÁPIDAS', 'odacomida-rapida-1', 'SECTOR SODA COMIDAS RÁPIDAS', 1763226408, 1763226408),
(206, 'SODA Y RESTAURANTE', 'odayre-taurante-1', 'SECTOR SODA Y RESTAURANTE', 1763226408, 1763226408),
(207, 'SPA Y ESTETICA', 'paye-tetica-1', 'SECTOR SPA Y ESTETICA', 1763226408, 1763226408),
(208, 'SUPERMERCADO', 'upermercado-1', 'SECTOR SUPERMERCADO', 1763226408, 1763226408),
(209, 'TALLER AUTOMOTRIZ', 'tallerautomotriz-1', 'SECTOR TALLER AUTOMOTRIZ', 1763226408, 1763226408),
(210, 'TALLER DE MOTOS', 'tallerdemoto-1', 'SECTOR TALLER DE MOTOS', 1763226408, 1763226408),
(211, 'TALLER DE REPARACION DE COMPUTADORAS', 'tallerdereparaciondecomputadora-1', 'SECTOR TALLER DE REPARACION DE COMPUTADORAS', 1763226408, 1763226408),
(212, 'TALLER MECANICO', 'tallermecanico-1', 'SECTOR TALLER MECANICO', 1763226408, 1763226408),
(213, 'TATTO CENTER', 'tattocenter-1', 'SECTOR TATTO CENTER', 1763226408, 1763226408),
(214, 'TAXI', 'taxi-1', 'SECTOR TAXI', 1763226408, 1763226408),
(215, 'TERAPEUTA', 'terapeuta-1', 'SECTOR TERAPEUTA', 1763226408, 1763226408),
(216, 'TERAPEUTA FISICO', 'terapeutafi-ico-1', 'SECTOR TERAPEUTA FISICO', 1763226408, 1763226408),
(217, 'TIENDA', 'tienda-1', 'SECTOR TIENDA', 1763226408, 1763226408),
(218, 'TIENDA DE LINEA BLANCA Y POR DEPARTAMENTOS', 'tiendadelineablancaypordepartamento-1', 'SECTOR TIENDA DE LINEA BLANCA Y POR DEPARTAMENTOS', 1763226408, 1763226408),
(219, 'TIENDA DE ROPA', 'tiendaderopa-1', 'SECTOR TIENDA DE ROPA', 1763226408, 1763226408),
(220, 'TIENDA ECOLÓGICA EN LA QUE USTED ENCONTRARÁ PRODUCTOS AMIGABLES CON EL AMBIENTE DE BUENAS PRÁCTICAS AGRÍCOLAS', 'tiendaecologicaenlaqueu-tedencontraraproducto-amigable-conelambientedebuena-practica-agricola-1', 'SECTOR TIENDA ECOLÓGICA EN LA QUE USTED ENCONTRARÁ PRODUCTOS AMIGABLES CON EL AMBIENTE DE BUENAS PRÁCTICAS AGRÍCOLAS', 1763226408, 1763226408),
(221, 'TIENDA ROPA MERICANA', 'tiendaropamericana-1', 'SECTOR TIENDA ROPA MERICANA', 1763226408, 1763226408),
(222, 'TIENDA VIRTUAL', 'tiendavirtual-1', 'SECTOR TIENDA VIRTUAL', 1763226408, 1763226408),
(223, 'TRAMO VENTA DE FRUTAS Y VERDURAS', 'tramoventadefruta-yverdura-1', 'SECTOR TRAMO VENTA DE FRUTAS Y VERDURAS', 1763226408, 1763226408),
(224, 'TRANSPORTES', 'tran-porte-1', 'SECTOR TRANSPORTES', 1763226408, 1763226408),
(225, 'TRANSPORTES ESTRADA', 'tran-porte-e-trada-1', 'SECTOR TRANSPORTES ESTRADA', 1763226408, 1763226408),
(226, 'TRANSPORTES PESADO', 'tran-porte-pe-ado-1', 'SECTOR TRANSPORTES PESADO', 1763226408, 1763226408),
(227, 'TRANSPORTES PRIVADOS', 'tran-porte-privado-1', 'SECTOR TRANSPORTES PRIVADOS', 1763226408, 1763226408),
(228, 'TRANSPORTISTA', 'tran-porti-ta-1', 'SECTOR TRANSPORTISTA', 1763226408, 1763226408),
(229, 'TRANSPORTISTAS', 'tran-porti-ta-2', 'SECTOR TRANSPORTISTAS', 1763226408, 1763226408),
(230, 'TÉCNICO EN REFRIGERACIÓN', 'tecnicoenrefrigeracion-1', 'SECTOR TÉCNICO EN REFRIGERACIÓN', 1763226408, 1763226408),
(231, 'UNIVERSIDAD', 'univer-idad-1', 'SECTOR UNIVERSIDAD', 1763226408, 1763226408),
(232, 'VENTA DE ALIMENTOS PARA MASCOTAS', 'ventadealimento-parama-cota-1', 'SECTOR VENTA DE ALIMENTOS PARA MASCOTAS', 1763226408, 1763226408),
(233, 'VENTA DE AUTOS USADOS', 'ventadeauto-u-ado-1', 'SECTOR VENTA DE AUTOS USADOS', 1763226408, 1763226408),
(234, 'VENTA DE AUTOS Y MOTOS, LAVACAR, MECÁNICA RÁPIDA', 'ventadeauto-ymoto-lavacarmecanicarapida-1', 'SECTOR VENTA DE AUTOS Y MOTOS, LAVACAR, MECÁNICA RÁPIDA', 1763226408, 1763226408),
(235, 'VENTA DE COMIDA', 'ventadecomida-1', 'SECTOR VENTA DE COMIDA', 1763226408, 1763226408),
(236, 'VENTA DE COSMETICOS Y PERFUMERIA', 'ventadeco-metico-yperfumeria-1', 'SECTOR VENTA DE COSMETICOS Y PERFUMERIA', 1763226408, 1763226408),
(237, 'VENTA DE EQUIPO AGRICOLA', 'ventadeequipoagricola-1', 'SECTOR VENTA DE EQUIPO AGRICOLA', 1763226408, 1763226408),
(238, 'VENTA DE EXTINTORES Y ALUSIVOS', 'ventadeextintore-yalu-ivo-1', 'SECTOR VENTA DE EXTINTORES Y ALUSIVOS', 1763226408, 1763226408),
(239, 'VENTA DE FRUTAS Y VERDURAS', 'ventadefruta-yverdura-1', 'SECTOR VENTA DE FRUTAS Y VERDURAS', 1763226408, 1763226408),
(240, 'VENTA DE LOTERIA', 'ventadeloteria-1', 'SECTOR VENTA DE LOTERIA', 1763226408, 1763226408),
(241, 'VENTA DE MATERIALES ELÉCTRICOS', 'ventademateriale-electrico-1', 'SECTOR VENTA DE MATERIALES ELÉCTRICOS', 1763226408, 1763226408),
(242, 'VENTA DE PRODUCTOS ALIMENTICIOS CRIOLLOS', 'ventadeproducto-alimenticio-criollo-1', 'SECTOR VENTA DE PRODUCTOS ALIMENTICIOS CRIOLLOS', 1763226408, 1763226408),
(243, 'VENTA DE PRODUCTOS FERRETEROS', 'ventadeproducto-ferretero-1', 'SECTOR VENTA DE PRODUCTOS FERRETEROS', 1763226408, 1763226408),
(244, 'VENTA DE QUESOS', 'ventadeque-o-1', 'SECTOR VENTA DE QUESOS', 1763226408, 1763226408),
(245, 'VENTA DE QUESOS AL POR MAYOR', 'ventadeque-o-alpormayor-1', 'SECTOR VENTA DE QUESOS AL POR MAYOR', 1763226408, 1763226408),
(246, 'VENTA DE REPOSTERIA Y PANES', 'ventaderepo-teriaypane-1', 'SECTOR VENTA DE REPOSTERIA Y PANES', 1763226408, 1763226408),
(247, 'VENTA DE REPUESTOS', 'ventaderepue-to-1', 'SECTOR VENTA DE REPUESTOS', 1763226408, 1763226408),
(248, 'VENTA DE ROPA EN LÍNEA', 'ventaderopaenlinea-1', 'SECTOR VENTA DE ROPA EN LÍNEA', 1763226408, 1763226408),
(249, 'VENTA DE SANDALIAS Y ZAPATOS', 'ventade-andalia-yzapato-1', 'SECTOR VENTA DE SANDALIAS Y ZAPATOS', 1763226408, 1763226408),
(250, 'VENTA DE SEGUROS DE VIDA', 'ventade-eguro-devida-1', 'SECTOR VENTA DE SEGUROS DE VIDA', 1763226408, 1763226408),
(251, 'VENTA DE SUMINISTROS Y ACUARIO', 'ventade-umini-tro-yacuario-1', 'SECTOR VENTA DE SUMINISTROS Y ACUARIO', 1763226408, 1763226408),
(252, 'VENTA DE TABLILLA PVC Y OTROS MATERIALES AL POR MAYOR', 'ventadetablillapvcyotro-materiale-alpormayor-1', 'SECTOR VENTA DE TABLILLA PVC Y OTROS MATERIALES AL POR MAYOR', 1763226408, 1763226408),
(253, 'VENTA EQUIPO DE CÓMPUTO', 'ventaequipodecomputo-1', 'SECTOR VENTA EQUIPO DE CÓMPUTO', 1763226408, 1763226408),
(254, 'VENTA FRAGANCIAS', 'ventafragancia-1', 'SECTOR VENTA FRAGANCIAS', 1763226408, 1763226408),
(255, 'VENTA FRUTAS Y VERDURAS POR MAYOR Y DETALLE', 'ventafruta-yverdura-pormayorydetalle-1', 'SECTOR VENTA FRUTAS Y VERDURAS POR MAYOR Y DETALLE', 1763226408, 1763226408),
(256, 'VENTA Y REPARACIÓN MOTOSIERRAS Y ALUSIVOS', 'ventayreparacionmoto-ierra-yalu-ivo-1', 'SECTOR VENTA Y REPARACIÓN MOTOSIERRAS Y ALUSIVOS', 1763226408, 1763226408),
(257, 'VETERINARIA', 'veterinaria-1', 'SECTOR VETERINARIA', 1763226408, 1763226408),
(258, 'VIDEO PRODUCCIÓN Y PUBLICIDAD REDES SOCIALES', 'videoproduccionypublicidadrede-ociale-1', 'SECTOR VIDEO PRODUCCIÓN Y PUBLICIDAD REDES SOCIALES', 1763226408, 1763226408),
(259, 'VIDEOPRODUCCIÓN', 'videoproduccion-1', 'SECTOR VIDEOPRODUCCIÓN', 1763226408, 1763226408),
(260, 'VIDEOS PARA REDES SOCIALES Y DISEÑO WEB', 'video-pararede-ociale-ydi-enoweb-1', 'SECTOR VIDEOS PARA REDES SOCIALES Y DISEÑO WEB', 1763226408, 1763226408),
(261, 'VIDRIERA', 'vidriera-1', 'SECTOR VIDRIERA', 1763226408, 1763226408),
(262, 'VIVERO', 'vivero-1', 'SECTOR VIVERO', 1763226408, 1763226408),
(263, 'ZAPATERIA', 'zapateria-1', 'SECTOR ZAPATERIA', 1763226408, 1763226408);

-- --------------------------------------------------------

--
-- Estructura de tabla para la tabla `contact_submission`
--

CREATE TABLE `contact_submission` (
  `id` int NOT NULL,
  `business_id` int DEFAULT NULL,
  `fullname` varchar(160) NOT NULL,
  `phone` varchar(32) NOT NULL,
  `email` varchar(160) DEFAULT NULL,
  `address` varchar(255) DEFAULT NULL,
  `subject` text,
  `created_at` int NOT NULL
) ENGINE=InnoDB DEFAULT CHARSET=utf8mb4 COLLATE=utf8mb4_0900_ai_ci;

-- --------------------------------------------------------

--
-- Estructura de tabla para la tabla `email_template`
--

CREATE TABLE `email_template` (
  `id` int NOT NULL,
  `name` varchar(160) NOT NULL,
  `slug` varchar(160) NOT NULL,
  `subject` varchar(255) NOT NULL,
  `body` mediumtext NOT NULL,
  `created_at` int NOT NULL,
  `updated_at` int NOT NULL
) ENGINE=InnoDB DEFAULT CHARSET=utf8mb4 COLLATE=utf8mb4_0900_ai_ci;

-- --------------------------------------------------------

--
-- Estructura de tabla para la tabla `migration`
--

CREATE TABLE `migration` (
  `version` varchar(180) NOT NULL,
  `apply_time` int DEFAULT NULL
) ENGINE=InnoDB DEFAULT CHARSET=utf8mb4 COLLATE=utf8mb4_0900_ai_ci;

--
-- Volcado de datos para la tabla `migration`
--

INSERT INTO `migration` (`version`, `apply_time`) VALUES
('m000000_000000_base', 1763090611),
('m130524_201442_init', 1763090612),
('m190124_110200_add_verification_token_column_to_user_table', 1763090612),
('m241114_000001_create_category_table', 1763213983);

-- --------------------------------------------------------

--
-- Estructura de tabla para la tabla `site_config`
--

CREATE TABLE `site_config` (
  `id` int NOT NULL,
  `logo_path` varchar(255) DEFAULT NULL,
  `logo_width` int DEFAULT NULL,
  `logo_height` int DEFAULT NULL,
  `updated_at` int NOT NULL
) ENGINE=InnoDB DEFAULT CHARSET=utf8mb4 COLLATE=utf8mb4_0900_ai_ci;

--
-- Volcado de datos para la tabla `site_config`
--

INSERT INTO `site_config` (`id`, `logo_path`, `logo_width`, `logo_height`, `updated_at`) VALUES
(1, NULL, NULL, NULL, 1763103006);

-- --------------------------------------------------------

--
-- Estructura de tabla para la tabla `sponsor`
--

CREATE TABLE `sponsor` (
  `id` int NOT NULL,
  `name` varchar(160) NOT NULL,
  `logo_path` varchar(255) NOT NULL,
  `sort_order` int NOT NULL DEFAULT '0',
  `created_at` int NOT NULL,
  `updated_at` int NOT NULL
) ENGINE=InnoDB DEFAULT CHARSET=utf8mb4 COLLATE=utf8mb4_0900_ai_ci;

-- --------------------------------------------------------

--
-- Estructura de tabla para la tabla `sponsor_set`
--

CREATE TABLE `sponsor_set` (
  `id` int NOT NULL,
  `title` varchar(120) DEFAULT 'Patrocinadores',
  `image_one` varchar(255) DEFAULT NULL,
  `image_two` varchar(255) DEFAULT NULL,
  `image_three` varchar(255) DEFAULT NULL,
  `image_four` varchar(255) DEFAULT NULL,
  `updated_at` int NOT NULL
) ENGINE=InnoDB DEFAULT CHARSET=utf8mb4 COLLATE=utf8mb4_0900_ai_ci;

--
-- Volcado de datos para la tabla `sponsor_set`
--

INSERT INTO `sponsor_set` (`id`, `title`, `image_one`, `image_two`, `image_three`, `image_four`, `updated_at`) VALUES
(1, 'Patrocinadores', NULL, NULL, NULL, NULL, 1763089090);

-- --------------------------------------------------------

--
-- Estructura de tabla para la tabla `user`
--

CREATE TABLE `user` (
  `id` int NOT NULL,
  `username` varchar(255) COLLATE utf8mb3_unicode_ci NOT NULL,
  `auth_key` varchar(32) COLLATE utf8mb3_unicode_ci NOT NULL,
  `password_hash` varchar(255) COLLATE utf8mb3_unicode_ci NOT NULL,
  `password_reset_token` varchar(255) COLLATE utf8mb3_unicode_ci DEFAULT NULL,
  `email` varchar(255) COLLATE utf8mb3_unicode_ci NOT NULL,
  `status` smallint NOT NULL DEFAULT '10',
  `created_at` int NOT NULL,
  `updated_at` int NOT NULL,
  `verification_token` varchar(255) COLLATE utf8mb3_unicode_ci DEFAULT NULL
) ENGINE=InnoDB DEFAULT CHARSET=utf8mb3 COLLATE=utf8mb3_unicode_ci;

--
-- Índices para tablas volcadas
--

--
-- Indices de la tabla `admin_user`
--
ALTER TABLE `admin_user`
  ADD PRIMARY KEY (`id`),
  ADD UNIQUE KEY `username` (`username`),
  ADD UNIQUE KEY `email` (`email`);

--
-- Indices de la tabla `benefit`
--
ALTER TABLE `benefit`
  ADD PRIMARY KEY (`id`),
  ADD KEY `idx_benefit_category` (`category_id`),
  ADD KEY `idx_benefit_sort` (`is_active`,`sort_order`);

--
-- Indices de la tabla `benefit_category`
--
ALTER TABLE `benefit_category`
  ADD PRIMARY KEY (`id`),
  ADD KEY `idx_benefit_category_sort` (`is_active`,`sort_order`);

--
-- Indices de la tabla `business`
--
ALTER TABLE `business`
  ADD PRIMARY KEY (`id`),
  ADD UNIQUE KEY `slug` (`slug`),
  ADD KEY `fk_business_email_template` (`email_template_id`);

--
-- Indices de la tabla `business_category`
--
ALTER TABLE `business_category`
  ADD PRIMARY KEY (`business_id`,`category_id`),
  ADD KEY `fk_business_category_category` (`category_id`);

--
-- Indices de la tabla `category`
--
ALTER TABLE `category`
  ADD PRIMARY KEY (`id`),
  ADD UNIQUE KEY `slug` (`slug`);

--
-- Indices de la tabla `contact_submission`
--
ALTER TABLE `contact_submission`
  ADD PRIMARY KEY (`id`),
  ADD KEY `fk_contact_business` (`business_id`);

--
-- Indices de la tabla `email_template`
--
ALTER TABLE `email_template`
  ADD PRIMARY KEY (`id`),
  ADD UNIQUE KEY `slug` (`slug`);

--
-- Indices de la tabla `migration`
--
ALTER TABLE `migration`
  ADD PRIMARY KEY (`version`);

--
-- Indices de la tabla `site_config`
--
ALTER TABLE `site_config`
  ADD PRIMARY KEY (`id`);

--
-- Indices de la tabla `sponsor`
--
ALTER TABLE `sponsor`
  ADD PRIMARY KEY (`id`);

--
-- Indices de la tabla `sponsor_set`
--
ALTER TABLE `sponsor_set`
  ADD PRIMARY KEY (`id`);

--
-- Indices de la tabla `user`
--
ALTER TABLE `user`
  ADD PRIMARY KEY (`id`),
  ADD UNIQUE KEY `username` (`username`),
  ADD UNIQUE KEY `email` (`email`),
  ADD UNIQUE KEY `password_reset_token` (`password_reset_token`);

--
-- AUTO_INCREMENT de las tablas volcadas
--

--
-- AUTO_INCREMENT de la tabla `admin_user`
--
ALTER TABLE `admin_user`
  MODIFY `id` int NOT NULL AUTO_INCREMENT, AUTO_INCREMENT=2;

--
-- AUTO_INCREMENT de la tabla `benefit`
--
ALTER TABLE `benefit`
  MODIFY `id` int NOT NULL AUTO_INCREMENT, AUTO_INCREMENT=26;

--
-- AUTO_INCREMENT de la tabla `benefit_category`
--
ALTER TABLE `benefit_category`
  MODIFY `id` int NOT NULL AUTO_INCREMENT, AUTO_INCREMENT=10;

--
-- AUTO_INCREMENT de la tabla `business`
--
ALTER TABLE `business`
  MODIFY `id` int NOT NULL AUTO_INCREMENT, AUTO_INCREMENT=334;

--
-- AUTO_INCREMENT de la tabla `category`
--
ALTER TABLE `category`
  MODIFY `id` int NOT NULL AUTO_INCREMENT, AUTO_INCREMENT=264;

--
-- AUTO_INCREMENT de la tabla `contact_submission`
--
ALTER TABLE `contact_submission`
  MODIFY `id` int NOT NULL AUTO_INCREMENT;

--
-- AUTO_INCREMENT de la tabla `email_template`
--
ALTER TABLE `email_template`
  MODIFY `id` int NOT NULL AUTO_INCREMENT;

--
-- AUTO_INCREMENT de la tabla `site_config`
--
ALTER TABLE `site_config`
  MODIFY `id` int NOT NULL AUTO_INCREMENT, AUTO_INCREMENT=2;

--
-- AUTO_INCREMENT de la tabla `sponsor`
--
ALTER TABLE `sponsor`
  MODIFY `id` int NOT NULL AUTO_INCREMENT;

--
-- AUTO_INCREMENT de la tabla `sponsor_set`
--
ALTER TABLE `sponsor_set`
  MODIFY `id` int NOT NULL AUTO_INCREMENT, AUTO_INCREMENT=2;

--
-- AUTO_INCREMENT de la tabla `user`
--
ALTER TABLE `user`
  MODIFY `id` int NOT NULL AUTO_INCREMENT;

--
-- Restricciones para tablas volcadas
--

--
-- Filtros para la tabla `benefit`
--
ALTER TABLE `benefit`
  ADD CONSTRAINT `fk_benefit_category` FOREIGN KEY (`category_id`) REFERENCES `benefit_category` (`id`) ON DELETE CASCADE ON UPDATE CASCADE;

--
-- Filtros para la tabla `business`
--
ALTER TABLE `business`
  ADD CONSTRAINT `fk_business_email_template` FOREIGN KEY (`email_template_id`) REFERENCES `email_template` (`id`) ON DELETE SET NULL ON UPDATE CASCADE;

--
-- Filtros para la tabla `business_category`
--
ALTER TABLE `business_category`
  ADD CONSTRAINT `fk_business_category_business` FOREIGN KEY (`business_id`) REFERENCES `business` (`id`) ON DELETE CASCADE ON UPDATE CASCADE,
  ADD CONSTRAINT `fk_business_category_category` FOREIGN KEY (`category_id`) REFERENCES `category` (`id`) ON DELETE CASCADE ON UPDATE CASCADE;

--
-- Filtros para la tabla `contact_submission`
--
ALTER TABLE `contact_submission`
  ADD CONSTRAINT `fk_contact_business` FOREIGN KEY (`business_id`) REFERENCES `business` (`id`) ON DELETE SET NULL ON UPDATE CASCADE;
COMMIT;

/*!40101 SET CHARACTER_SET_CLIENT=@OLD_CHARACTER_SET_CLIENT */;
/*!40101 SET CHARACTER_SET_RESULTS=@OLD_CHARACTER_SET_RESULTS */;
/*!40101 SET COLLATION_CONNECTION=@OLD_COLLATION_CONNECTION */;
